MegaDot v4.5.1.m.12.mono.custom_build - https://godotengine.org
D3D12 12_0 - Forward+ - Using Device #0: NVIDIA - NVIDIA GeForce RTX 4070 Ti
WARNING: PSO caching is not implemented yet in the Direct3D 12 driver.
   at: pipeline_cache_create (drivers/d3d12/rendering_device_driver_d3d12.cpp:4469)

FMOD Sound System: Successfully initialized
[INFO] Found release_info.json at: D:\Program Files (x86)\Steam\steamapps\common\Slay the Spire 2\release_info.json
[INFO] [Sentry.NET] Initialized: env=development, release=v0.107.1
[INFO] Steamworks: attempting initialization...
[INFO] Steam is running: True
[INFO] Steamworks initialization succeeded!
[INFO] Steam is enabled, we will write saves to steam storage. Enabled for account: True, app: True 
[INFO] Registered 11 migrations
[INFO] Current save versions: PrefsSave v2; ProfileSave v2; SerializableProgress v21; RunHistory v9; SerializableRun v16; SettingsSave v5
[INFO] Found mod manifest file D:\Program Files (x86)\Steam\steamapps\common\Slay the Spire 2\mods\BaseLib\BaseLib.json
[INFO] Found mod manifest file D:\Program Files (x86)\Steam\steamapps\common\Slay the Spire 2\mods\InfiniteUpgradeSystem\mod_manifest.json
[INFO] Looking for mods to load from Steam Workshop mod 3750879024 in D:\Program Files (x86)\Steam\steamapps\workshop\content\2868840\3750879024 (size 124117, last modified 1782306433)
[INFO] Found mod manifest file D:\Program Files (x86)\Steam\steamapps\workshop\content\2868840\3750879024\EnchantmentCompendium.json
[Sentry.GDExtension] Initialized: env=playtesters, release=v0.107.1
[INFO] MuteInBackground: FocusIn received [tween=False, msSinceFocusOut=1705, windowFocused=True]
[INFO] Looking for mods to load from Steam Workshop mod 3747575739 in D:\Program Files (x86)\Steam\steamapps\workshop\content\2868840\3747575739 (size 10266033, last modified 1783059418)
[INFO] Found mod manifest file D:\Program Files (x86)\Steam\steamapps\workshop\content\2868840\3747575739\MoreEnchantments.json
[INFO] === Godot OS Debug Information ===
Timestamp: 07/12/2026 16:01:58
OS: Windows
OS Version: 10.0.22631
Distribution Name: Windows
Device Model: B760M GAMING D5
Is Debug Build: False
Is Sandboxed: False
Executable Path: D:/Program Files (x86)/Steam/steamapps/common/Slay the Spire 2/SlayTheSpire2.exe
Data Directory: C:/Users/Administrator/AppData/Roaming
User Data Directory: C:/Users/Administrator/AppData/Roaming/SlayTheSpire2
Command Line Args: 
User Command Line Args: 
OS Locale: zh_CN
OS Language: zh
Game Locale: zh_CN
Is UserFS Persistent: True
Is Stdout Verbose: False
Is Low Processor Usage Mode: False
Architecture: x86_64
Engine Version: 4.5.1-m.12 (custom_build)
Is Editor: False
Release Version: v0.107.1
Release Commit: 59260271
Release Date: 06/18/2026 22:43:56
Processor Count: 20
Processor Name: 13th Gen Intel(R) Core(TM) i5-13600KF
Main assembly hash: -1555940892
Rendering device name: NVIDIA GeForce RTX 4070 Ti
  Graphics adapter 0: NVIDIA GeForce RTX 4070 Ti
  version: 32.0.15.0
  Graphics adapter 1: Microsoft Basic Render Driver
  version: 10.0.22621.0
Screen info (primary 0):
  Index 0: Size: (2560, 1440) Orientation: Landscape Scale: 1 DPI: 96 Refresh Rate: 143.912
Video Memory Used: 0.0B
Memory Info:
  physical: 15.8GB
  free: 3.6GB
  available: 47.7GB
  stack: 8.0MB
  Static Memory Usage: 0.0B
  Static Memory Peak Usage: 0.0B
Disk Info:
  Index 0: Name: C:\ Type: Fixed Format: NTFS Available: 21.3GB Total Free: 21.3GB Total Size: 250.0GB
  Index 1: Name: D:\ Type: Fixed Format: NTFS Available: 200.0GB Total Free: 200.0GB Total Size: 0.7TB
  Index 2: Name: E:\ Type: Fixed Format: NTFS Available: 220.3GB Total Free: 220.3GB Total Size: 1.9TB
Important Environment Variables:
  PATH: ;C:\Windows;C:\Windows\system32;C:\Windows\System32\OpenSSH;C:\Windows\System32\Wbem;C:\Windows\System32\WindowsPowerShell\v1.0;C:\Program Files\NVIDIA Corporation\NVIDIA App\NvDLISR;%USERPROFILE%\AppData\Local\pnpm;%USERPROFILE%\.local\bin;C:\Program Files\Common Files\Oracle\Java\javapath;C:\Windows\system32;C:\Windows;C:\Windows\System32\Wbem;C:\Windows\System32\WindowsPowerShell\v1.0\;C:\Windows\System32\OpenSSH\;D:\run;D:\Program Files\Git\cmd;D:\Program Files\nodejs\;D:\Program Files\mysql-8.0.35-winx64\bin;D:\\ProgramData\\anaconda3;D:\\ProgramData\anaconda3\\Scripts;D:\ProgramData\anaconda3\Library\bin;D:\ProgramData\anaconda3\Library\mingw-w64\bin;D:\ProgramData\anaconda3\Library\usr\bin;C:\mingw64\bin;%USERPROFILE%\AppData\Local\Programs\Python\Python312;D:\tools\java\apache-maven-3.9.8\bin;D:\Program Files\MySQL\MySQL Server 8.0\bin;D:\Program Files\Java\jdk-11\bin;C:\Program Files\Go\bin;D:\Program Files\MySQL\MySQL Shell 8.0\bin\;%USERPROFILE%\AppData\Local\Microsoft\WindowsApps;D:\Program Files\JetBrains\PyCharm 2023.2.5\bin;D:\Program Files\JetBrains\IntelliJ IDEA 2023.2.5\bin;D:\Program Files\JetBrains\CLion 2024.1\bin;C:\Users\Administr
  GODOT_ROOT_DIR: 
  HOME: 
  DYLD_LIBRARY_PATH: 
  LD_LIBRARY_PATH: 

[INFO] Looking for mods to load from Steam Workshop mod 3747561525 in D:\Program Files (x86)\Steam\steamapps\workshop\content\2868840\3747561525 (size 789994, last modified 1783776673)
[INFO] Found mod manifest file D:\Program Files (x86)\Steam\steamapps\workshop\content\2868840\3747561525\MultiEnchantmentMod\MultiEnchantmentMod.json
[INFO] Looking for mods to load from Steam Workshop mod 3747952763 in D:\Program Files (x86)\Steam\steamapps\workshop\content\2868840\3747952763 (size 21860022, last modified 1783059356)
[INFO] Found mod manifest file D:\Program Files (x86)\Steam\steamapps\workshop\content\2868840\3747952763\mod_manifest.json
[INFO] Looking for mods to load from Steam Workshop mod 3759576970 in D:\Program Files (x86)\Steam\steamapps\workshop\content\2868840\3759576970 (size 18475106, last modified 1783647124)
[INFO] Found mod manifest file D:\Program Files (x86)\Steam\steamapps\workshop\content\2868840\3759576970\mod_manifest.json
[INFO] Looking for mods to load from Steam Workshop mod 3754825413 in D:\Program Files (x86)\Steam\steamapps\workshop\content\2868840\3754825413 (size 126937, last modified 1783056960)
[INFO] Found mod manifest file D:\Program Files (x86)\Steam\steamapps\workshop\content\2868840\3754825413\mod_manifest.json
[INFO] Looking for mods to load from Steam Workshop mod 3747679239 in D:\Program Files (x86)\Steam\steamapps\workshop\content\2868840\3747679239 (size 2797649, last modified 1783263758)
[INFO] Found mod manifest file D:\Program Files (x86)\Steam\steamapps\workshop\content\2868840\3747679239\PengoTarot.json
[INFO] Looking for mods to load from Steam Workshop mod 3747597614 in D:\Program Files (x86)\Steam\steamapps\workshop\content\2868840\3747597614 (size 7065863, last modified 1781857250)
[INFO] Found mod manifest file D:\Program Files (x86)\Steam\steamapps\workshop\content\2868840\3747597614\necrobinderSkin.json
[INFO] Looking for mods to load from Steam Workshop mod 3747589574 in D:\Program Files (x86)\Steam\steamapps\workshop\content\2868840\3747589574 (size 6363455, last modified 1781953347)
[INFO] Found mod manifest file D:\Program Files (x86)\Steam\steamapps\workshop\content\2868840\3747589574\regentSkin.json
[INFO] Looking for mods to load from Steam Workshop mod 3747497501 in D:\Program Files (x86)\Steam\steamapps\workshop\content\2868840\3747497501 (size 64031064, last modified 1783055977)
[INFO] Found mod manifest file D:\Program Files (x86)\Steam\steamapps\workshop\content\2868840\3747497501\RegentFX.json
[INFO] Looking for mods to load from Steam Workshop mod 3750530284 in D:\Program Files (x86)\Steam\steamapps\workshop\content\2868840\3750530284 (size 5126325, last modified 1782333337)
[INFO] Found mod manifest file D:\Program Files (x86)\Steam\steamapps\workshop\content\2868840\3750530284\mod_manifest.json
[INFO] Looking for mods to load from Steam Workshop mod 3747557003 in D:\Program Files (x86)\Steam\steamapps\workshop\content\2868840\3747557003 (size 382113, last modified 1781841769)
[INFO] Found mod manifest file D:\Program Files (x86)\Steam\steamapps\workshop\content\2868840\3747557003\ModConfig.json
[INFO] Looking for mods to load from Steam Workshop mod 3747557357 in D:\Program Files (x86)\Steam\steamapps\workshop\content\2868840\3747557357 (size 542126, last modified 1783127486)
[INFO] Found mod manifest file D:\Program Files (x86)\Steam\steamapps\workshop\content\2868840\3747557357\SpeedX.json
[INFO] Looking for mods to load from Steam Workshop mod 3747602295 in D:\Program Files (x86)\Steam\steamapps\workshop\content\2868840\3747602295 (size 26484454, last modified 1783812254)
[INFO] Found mod manifest file D:\Program Files (x86)\Steam\steamapps\workshop\content\2868840\3747602295\mod_manifest.json
[INFO] Looking for mods to load from Steam Workshop mod 3737322022 in D:\Program Files (x86)\Steam\steamapps\workshop\content\2868840\3737322022 (size 26207, last modified 1781876911)
[INFO] Found mod manifest file D:\Program Files (x86)\Steam\steamapps\workshop\content\2868840\3737322022\QuickRestart\QuickRestart.json
[INFO] Looking for mods to load from Steam Workshop mod 3737335127 in D:\Program Files (x86)\Steam\steamapps\workshop\content\2868840\3737335127 (size 1044802, last modified 1783123686)
[INFO] Found mod manifest file D:\Program Files (x86)\Steam\steamapps\workshop\content\2868840\3737335127\BaseLib\BaseLib.json
[WARN] Mod with ID BaseLib is loaded both via Steam and local mods directory. Disabling the Steam workshop version.
[WARN] Mod BaseLib does not declare min game version. Assuming that it is supported.
[INFO] Loading assembly DLL D:\Program Files (x86)\Steam\steamapps\common\Slay the Spire 2\mods\BaseLib\BaseLib.dll
[INFO] Loading Godot PCK D:\Program Files (x86)\Steam\steamapps\common\Slay the Spire 2\mods\BaseLib\BaseLib.pck
[INFO] Calling initializer method of type BaseLib.BaseLibMain for BaseLib, Version=3.3.5.0, Culture=neutral, PublicKeyToken=null
[INFO] [BaseLib] Created node factory for Control.
[INFO] [BaseLib] Created node factory for NCreatureVisuals.
[INFO] [BaseLib] Created node factory for NRestSiteCharacter.
[INFO] [BaseLib] Created node factory for NMerchantCharacter.
[INFO] [BaseLib] Created node factory for NEnergyCounter.
[INFO] [BaseLib] Created node factory for NCustomTreasureRoomChest.
[INFO] [BaseLib] Registered config for mod BaseLib
[INFO] [BaseLib] Performing CustomPile patch
[INFO] [BaseLib] Starting PatchAll for assembly BaseLib, Version=3.3.5.0, Culture=neutral, PublicKeyToken=null
[INFO] [BaseLib] Patching state machine: MegaCrit.Sts2.Core.Nodes.Combat.NCreature+<AnimDie>d__105
[INFO] [BaseLib] Adding new state 5 for method CustomAnimationPatch.WaitCustomAnim before Wait with result type None ()
[INFO] [BaseLib] Patching state machine: MegaCrit.Sts2.Core.Hooks.Hook+<AfterCardPlayed>d__16
[INFO] [BaseLib] Adding new state 2 for method AfterCardPlayedPatch.BeforeAfterPlayHooks before AfterCardPlayed with result type None ()
[INFO] [BaseLib] Applied 252 patches successfully, 0 failed
[INFO] Finished mod initialization for 'BaseLib' (BaseLib).
[INFO] Loading assembly DLL D:\Program Files (x86)\Steam\steamapps\workshop\content\2868840\3737322022\QuickRestart\QuickRestart.dll
[INFO] Loading Godot PCK D:\Program Files (x86)\Steam\steamapps\workshop\content\2868840\3737322022\QuickRestart\QuickRestart.pck
[INFO] Calling initializer method of type QuickRestart.QuickRestartCode.MainFile for QuickRestart, Version=1.0.0.0, Culture=neutral, PublicKeyToken=null
[INFO] Finished mod initialization for 'Quick Restart' (QuickRestart).
[WARN] Mod ReplayMaster does not declare min game version. Assuming that it is supported.
[INFO] Loading assembly DLL D:\Program Files (x86)\Steam\steamapps\workshop\content\2868840\3750530284\ReplayMaster.dll
[INFO] Loading Godot PCK D:\Program Files (x86)\Steam\steamapps\workshop\content\2868840\3750530284\ReplayMaster.pck
[INFO] Calling initializer method of type ReplayMaster.Entry for ReplayMaster, Version=1.1.0.0, Culture=neutral, PublicKeyToken=null
[INFO] ReplayMaster mod initialized (enable with BaseLib; expect this line when both mods load).
[INFO] Finished mod initialization for '重放大师' (ReplayMaster).
[WARN] Mod ModConfig does not declare min game version. Assuming that it is supported.
[INFO] Loading assembly DLL D:\Program Files (x86)\Steam\steamapps\workshop\content\2868840\3747557003\ModConfig.dll
[INFO] Loading Godot PCK D:\Program Files (x86)\Steam\steamapps\workshop\content\2868840\3747557003\ModConfig.pck
[INFO] Calling initializer method of type ModConfig.MainFile for ModConfig, Version=1.0.0.0, Culture=neutral, PublicKeyToken=null
[INFO] [sts2.piyixiajiuhenfen.modconfig] LocManager.Instance is null at init, will use lazy detection
[INFO] [sts2.piyixiajiuhenfen.modconfig] ModConfig v0.2.3 initialized! (zero Harmony, cross-platform)
[INFO] Finished mod initialization for '皮皮配置: ModConfig' (ModConfig).
[INFO] Loading assembly DLL D:\Program Files (x86)\Steam\steamapps\workshop\content\2868840\3747602295\STS2-RitsuLib.dll
[INFO] Calling initializer method of type STS2RitsuLib.Loader.Bootstrap for STS2-RitsuLib.Loader, Version=1.0.0.0, Culture=neutral, PublicKeyToken=null
[INFO] [RitsuLib.Loader] Host version label=v0.107.1 numeric=0.107.1; picked variant 0.107.1.
[WARN] [RitsuLib.Loader] Could not associate variant assembly STS2-RitsuLib, Version=0.4.56.0, Culture=neutral, PublicKeyToken=null with STS2-RitsuLib; relying on reflection bridge for type discovery.
[INFO] [com.ritsukage.sts2-RitsuLib] Framework ID: com.ritsukage.sts2-RitsuLib
[INFO] [com.ritsukage.sts2-RitsuLib] Framework Name: RitsuLib
[INFO] [com.ritsukage.sts2-RitsuLib] Version: 0.4.56 [compat branch: 0.107.1]
[INFO] [com.ritsukage.sts2-RitsuLib] Initializing shared framework...
[INFO] [com.ritsukage.sts2-RitsuLib] [HarmonyInitSetterCompat] Installed on 2 reflection importer entry point(s).
[INFO] [com.ritsukage.sts2-RitsuLib] [Config] Debug compatibility master is enabled. Sub-flags (only when master on): LocTable=True, UnlockEpoch=True, AncientArchitect=True. Mod Steam cloud mirror: disabled. Config file: user://steam/76561198995205184/mod_data/com.ritsukage.sts2-RitsuLib/settings.json
[INFO] [com.ritsukage.sts2-RitsuLib] [DebugLogViewer] Local debug log viewer listening at http://127.0.0.1:18742/?token=836815335a2e2322426c2864f0c55369
[INFO] [com.ritsukage.sts2-RitsuLib] [Godot] RitsuGodot node factories initialized.
[INFO] [com.ritsukage.sts2-RitsuLib] [SmartFormat] Registered Source: STS2RitsuLib.Combat.SecondaryResources.SecondaryResourceLocStringSource (order=0).
[INFO] [com.ritsukage.sts2-RitsuLib] [SmartFormat] Registered Formatter: STS2RitsuLib.Combat.SecondaryResources.SecondaryResourceIconsFormatter (order=0).
[INFO] [com.ritsukage.sts2-RitsuLib] [Patcher - framework core] Applying 401 patches...
[INFO] [com.ritsukage.sts2-RitsuLib] [Patcher - framework core] Patch application complete: 401 applied, 0 ignored, 0 failed, 401 total
[INFO] [com.ritsukage.sts2-RitsuLib] [Patcher - framework core] All patches applied successfully
[INFO] [com.ritsukage.sts2-RitsuLib] [Patcher - settings ui] Applying 8 patches...
[INFO] [com.ritsukage.sts2-RitsuLib] [Patcher - settings ui] Patch application complete: 8 applied, 0 ignored, 0 failed, 8 total
[INFO] [com.ritsukage.sts2-RitsuLib] [Patcher - settings ui] All patches applied successfully
[INFO] [com.ritsukage.sts2-RitsuLib] [Patcher - content assets] Applying 116 patches...
[INFO] [com.ritsukage.sts2-RitsuLib] [Patcher - content assets] Patch application complete: 116 applied, 0 ignored, 0 failed, 116 total
[INFO] [com.ritsukage.sts2-RitsuLib] [Patcher - content assets] All patches applied successfully
[INFO] [com.ritsukage.sts2-RitsuLib] [Patcher - character assets] Applying 52 patches...
[INFO] [com.ritsukage.sts2-RitsuLib] [Patcher - character assets] Patch application complete: 52 applied, 0 ignored, 0 failed, 52 total
[INFO] [com.ritsukage.sts2-RitsuLib] [Patcher - character assets] All patches applied successfully
[INFO] [com.ritsukage.sts2-RitsuLib] [Patcher - content registry] Applying 26 patches...
[INFO] [com.ritsukage.sts2-RitsuLib] [Patcher - content registry] Patch application complete: 26 applied, 0 ignored, 0 failed, 26 total
[INFO] [com.ritsukage.sts2-RitsuLib] [Patcher - content registry] All patches applied successfully
[INFO] [com.ritsukage.sts2-RitsuLib] [Patcher - persistence] Applying 3 patches...
[INFO] [com.ritsukage.sts2-RitsuLib] [Patcher - persistence] Patch application complete: 3 applied, 0 ignored, 0 failed, 3 total
[INFO] [com.ritsukage.sts2-RitsuLib] [Patcher - persistence] All patches applied successfully
[INFO] [com.ritsukage.sts2-RitsuLib] [Patcher - unlocks] Applying 22 patches...
[INFO] [com.ritsukage.sts2-RitsuLib] [Patcher - unlocks] Patch application complete: 22 applied, 0 ignored, 0 failed, 22 total
[INFO] [com.ritsukage.sts2-RitsuLib] [Patcher - unlocks] All patches applied successfully
[INFO] [com.ritsukage.sts2-RitsuLib] [SteamWorkshopUpdate] Coordinator initialized.
[INFO] [com.ritsukage.sts2-RitsuLib] Shared framework initialization complete.
[INFO] Finished mod initialization for 'RitsuLib' (STS2-RitsuLib).
[WARN] Mod SpeedX does not declare min game version. Assuming that it is supported.
[INFO] Loading assembly DLL D:\Program Files (x86)\Steam\steamapps\workshop\content\2868840\3747557357\SpeedX.dll
[INFO] Loading Godot PCK D:\Program Files (x86)\Steam\steamapps\workshop\content\2868840\3747557357\SpeedX.pck
[INFO] Calling initializer method of type SpeedX.MainFile for SpeedX, Version=1.0.0.0, Culture=neutral, PublicKeyToken=null
[INFO] [sts2.piyixiajiuhenfen.speedx] Settings loaded from user://ModConfig/sts2.piyixiajiuhenfen.speedx.json
[INFO] [sts2.piyixiajiuhenfen.speedx] I18n loaded: zhs (51 keys)
[INFO] [sts2.piyixiajiuhenfen.speedx] SpeedX v0.11.9 initialized! Press F9 to open settings
[INFO] Finished mod initialization for '皮皮极速: SpeedX' (SpeedX).
[INFO] Loading assembly DLL D:\Program Files (x86)\Steam\steamapps\workshop\content\2868840\3747497501\RegentFX.dll
[INFO] Loading Godot PCK D:\Program Files (x86)\Steam\steamapps\workshop\content\2868840\3747497501\RegentFX.pck
[INFO] Calling initializer method of type RegentFX.Scripts.Entry for RegentFX, Version=0.4.3.0, Culture=neutral, PublicKeyToken=null
[INFO] [RegentFX] Preloading 26 RegentFX assets synchronously
[INFO] [RegentFX] Preloading complete: 26 succeeded, 0 failed
[INFO] RegentFX Omnistar 0.4.3 Load Complete![万象辉星]加载成功!
[INFO] Finished mod initialization for '万象辉星[RegentFX]' (RegentFX).
[INFO] Loading assembly DLL D:\Program Files (x86)\Steam\steamapps\workshop\content\2868840\3747952763\ATA_IronClad.dll
[INFO] Loading Godot PCK D:\Program Files (x86)\Steam\steamapps\workshop\content\2868840\3747952763\ATA_IronClad.pck
[INFO] Calling initializer method of type ATA_IronClad.Main for ATA_IronClad, Version=1.0.0.0, Culture=neutral, PublicKeyToken=null
[INFO] [ATA-IronClad] Mod ID: ATA-IronClad
[INFO] [ATA-IronClad] Version: 0.1.10
[INFO] [ATA-IronClad] Registering post-load initializer.
[INFO] Finished mod initialization for '机娘“阿塔”' (ATA_IronClad).
[INFO] [ATA-IronClad] Running post-load initialization (mod detected: ATA_IronClad).
[INFO] [ATA-IronClad] [Integration] Godot C# script registration: RitsuLib (RitsuLibFramework.EnsureGodotScriptsRegistered)
[WARN] [ATA-IronClad] RitsuLib ModData stub fallback invoked: LanceRitsuLibSettingsProvider.GetSettings. RitsuLib did not patch this method; settings are using Lance's in-memory fallback and will not persist through RitsuLib ModData.
[INFO] [ATA_IronClad] [Content] Registered character asset replacement for 'IRONCLAD'.
[INFO] [ATA_IronClad] [Content] Registered global character asset replacement.
[INFO] [ATA-IronClad] [Integration] Card portrait replacement: RitsuLib content registry (full API present)
[INFO] [ATA-IronClad] [Integration] Fake merchant booth visuals: RitsuLib (patch type + Harmony prefix present)
[INFO] [ATA-IronClad] [Integration] Real merchant room visuals: RitsuLib (patch type + Harmony prefix present)
[INFO] [ATA-IronClad] [Integration] Rest site / campfire character create: RitsuLib (patch type + Harmony prefix present)
[INFO] [ATA-IronClad] [Integration] Character asset paths (UI + scenes): RitsuLib content registry
[INFO] [ATA-IronClad] [Integration] Combat Spine routing: Lance Harmony complement (always)
[INFO] [ATA-IronClad] RitsuLib detected; dependency integration finished (see [Integration] lines above).
[INFO] [ATA-IronClad] Initialization complete.
[WARN] Mod regentSkin does not declare min game version. Assuming that it is supported.
[INFO] Loading Godot PCK D:\Program Files (x86)\Steam\steamapps\workshop\content\2868840\3747589574\regentSkin.pck
[INFO] Finished mod initialization for 'regentSkin' (regentSkin).
[WARN] Mod necrobinderSkin does not declare min game version. Assuming that it is supported.
[INFO] Loading Godot PCK D:\Program Files (x86)\Steam\steamapps\workshop\content\2868840\3747597614\necrobinderSkin.pck
[INFO] Finished mod initialization for 'necrobinderSkin' (necrobinderSkin).
[WARN] Mod PengoTarot does not declare min game version. Assuming that it is supported.
[INFO] Loading assembly DLL D:\Program Files (x86)\Steam\steamapps\workshop\content\2868840\3747679239\PengoTarot.dll
[INFO] Loading Godot PCK D:\Program Files (x86)\Steam\steamapps\workshop\content\2868840\3747679239\PengoTarot.pck
[INFO] Calling initializer method of type PengoTarot.ModInitializer for PengoTarot, Version=1.0.0.0, Culture=neutral, PublicKeyToken=null
[INFO] PengoTarot 卡片注册完毕！
[INFO] Finished mod initialization for 'PengoTarot' (PengoTarot).
[INFO] Loading assembly DLL D:\Program Files (x86)\Steam\steamapps\workshop\content\2868840\3754825413\ShopEnhancement.dll
[INFO] Loading Godot PCK D:\Program Files (x86)\Steam\steamapps\workshop\content\2868840\3754825413\ShopEnhancement.pck
[INFO] Calling initializer method of type ShopEnhancement.MainFile for ShopEnhancement, Version=1.0.0.0, Culture=neutral, PublicKeyToken=null
[INFO] [BaseLib] Registered config for mod ShopEnhancement
[INFO] Finished mod initialization for 'ShopEnhancement' (ShopEnhancement).
[INFO] Loading assembly DLL D:\Program Files (x86)\Steam\steamapps\workshop\content\2868840\3759576970\ATA_Silent.dll
[INFO] Loading Godot PCK D:\Program Files (x86)\Steam\steamapps\workshop\content\2868840\3759576970\ATA_Silent.pck
[INFO] Calling initializer method of type ATA_Silent.Main for ATA_Silent, Version=1.0.0.0, Culture=neutral, PublicKeyToken=null
[INFO] [ATA-Silent] Mod ID: ATA-Silent
[INFO] [ATA-Silent] Version: 0.1.2
[INFO] [ATA-Silent] Registering post-load initializer.
[INFO] Finished mod initialization for '忍者“阿塔”' (ATA_Silent).
[INFO] [ATA-Silent] Running post-load initialization (mod detected: ATA_Silent).
[INFO] [ATA-Silent] [Integration] Godot C# script registration: RitsuLib (RitsuLibFramework.EnsureGodotScriptsRegistered)
[WARN] [ATA-Silent] RitsuLib ModData stub fallback invoked: SilentRitsuLibSettingsProvider.GetSettings. RitsuLib did not patch this method; settings are using Silent's in-memory fallback and will not persist through RitsuLib ModData.
[INFO] [ATA_Silent] [Content] Registered character asset replacement for 'SILENT'.
[INFO] [ATA_Silent] [Content] Registered global character asset replacement.
[INFO] [ATA-Silent] [Integration] Card portrait replacement: RitsuLib content registry (full API present)
[INFO] [ATA-Silent] [Integration] Fake merchant booth visuals: RitsuLib (patch type + Harmony prefix present)
[INFO] [ATA-Silent] [Integration] Real merchant room visuals: RitsuLib (patch type + Harmony prefix present)
[INFO] [ATA-Silent] [Integration] Rest site / campfire character create: RitsuLib (patch type + Harmony prefix present)
[INFO] [ATA-Silent] [Integration] Character asset paths (UI + scenes): RitsuLib content registry
[INFO] [ATA-Silent] [Integration] Combat Spine routing: Lance Harmony complement (always)
[INFO] [ATA-Silent] RitsuLib detected; dependency integration finished (see [Integration] lines above).
[INFO] [ATA-Silent] Initialization complete.
[INFO] Loading assembly DLL D:\Program Files (x86)\Steam\steamapps\workshop\content\2868840\3747561525\MultiEnchantmentMod\MultiEnchantmentMod.dll
[INFO] Calling initializer method of type MultiEnchantmentMod.MultiEnchantmentMod for MultiEnchantmentMod, Version=1.0.0.0, Culture=neutral, PublicKeyToken=null
[INFO] [MultiEnchantmentMod] [MultiEnchantment] Shared patch target: MegaCrit.Sts2.Core.Models.CardModel.get_HoverTips
  Ours: Postfix(MultiEnchantmentMod, pri=400, HoverTipsPostfix)
  Others: Postfix(com.ritsukage.sts2-RitsuLib.framework-core, pri=400, Postfix); Postfix(com.ritsukage.sts2-RitsuLib.framework-core, pri=400, Postfix); Postfix(com.ritsukage.sts2-RitsuLib.framework-content-assets, pri=400, Postfix); Postfix(com.ritsukage.sts2-RitsuLib.framework-content-assets, pri=400, Postfix); Transpiler(BaseLib, pri=400, AddCustomCardTips)
[INFO] [MultiEnchantmentMod] [MultiEnchantment] Shared patch target: MegaCrit.Sts2.Core.Combat.CombatManager.SetupPlayerTurn
  Ours: Prefix(MultiEnchantmentMod, pri=200, SetupPlayerTurnPrefix)
  Others: Transpiler(BaseLib, pri=400, Transpiler)
[INFO] [MultiEnchantmentMod] [MultiEnchantment] Shared patch target: MegaCrit.Sts2.Core.Models.CardModel.DowngradeInternal
  Ours: Postfix(MultiEnchantmentMod, pri=400, DowngradeInternalPostfix)
  Others: Postfix(BaseLib, pri=400, Patch); Transpiler(BaseLib, pri=400, DowngradeModifiersOnCard); Transpiler(com.ritsukage.sts2-RitsuLib.framework-core, pri=400, Transpiler)
[INFO] [MultiEnchantmentMod] [MultiEnchantment] Shared patch target: MegaCrit.Sts2.Core.Models.AbstractModel.MutableClone
  Ours: Postfix(MultiEnchantmentMod, pri=400, MutableClonePostfix)
  Others: Postfix(BaseLib, pri=400, ModifyResult); Postfix(com.ritsukage.sts2-RitsuLib.framework-core, pri=400, Postfix)
[INFO] [MultiEnchantmentMod] [MultiEnchantment] Shared patch target: MegaCrit.Sts2.Core.Models.CardModel.ToSerializable
  Ours: Postfix(MultiEnchantmentMod, pri=400, ToSerializablePostfix)
  Others: Postfix(BaseLib, pri=400, ExtendedDataForCard)
[INFO] [MultiEnchantmentMod] [MultiEnchantment] Shared patch target: MegaCrit.Sts2.Core.Models.CardModel.FromSerializable
  Ours: Postfix(MultiEnchantmentMod, pri=400, FromSerializablePostfix)
  Others: Prefix(com.ritsukage.sts2-RitsuLib.framework-core, pri=400, Prefix); Transpiler(BaseLib, pri=400, InsertLoad)
[INFO] [MultiEnchantmentMod] [MultiEnchantment] Shared patch target: MegaCrit.Sts2.Core.Models.EnchantmentModel.ToSerializable
  Ours: Postfix(MultiEnchantmentMod, pri=400, EnchantmentToSerializablePostfix)
  Others: Postfix(BaseLib, pri=400, ExtendedDataForEnchantment)
[INFO] [MultiEnchantmentMod] [MultiEnchantment] Shared patch target: MegaCrit.Sts2.Core.Models.EnchantmentModel.FromSerializable
  Ours: Postfix(MultiEnchantmentMod, pri=400, EnchantmentFromSerializablePostfix)
  Others: Postfix(BaseLib, pri=400, LoadExtendedData)
[INFO] [MultiEnchantmentMod] [MultiEnchantment] Shared patch target: MegaCrit.Sts2.Core.Hooks.Hook.ModifyDamage
  Ours: Prefix(MultiEnchantmentMod, pri=200, HookModifyDamagePrefix)
  Others: Prefix(BaseLib, pri=400, AdjustBaseAdditive); Transpiler(BaseLib, pri=400, AdjustBaseMultiplicative)
[INFO] [MultiEnchantmentMod] [MultiEnchantment] Shared patch target: MegaCrit.Sts2.Core.Saves.Managers.RunSaveManager.LoadRunSave
  Ours: Postfix(MultiEnchantmentMod, pri=400, LoadRunSavePostfix)
  Others: Postfix(com.ritsukage.sts2-RitsuLib.framework-core, pri=400, Postfix)
[INFO] [MultiEnchantmentMod] [MultiEnchantment] Shared patch target: MegaCrit.Sts2.Core.Saves.Managers.RunSaveManager.LoadMultiplayerRunSave
  Ours: Postfix(MultiEnchantmentMod, pri=400, LoadMultiplayerRunSavePostfix)
  Others: Postfix(com.ritsukage.sts2-RitsuLib.framework-core, pri=400, Postfix)
[INFO] [MultiEnchantmentMod] [MultiEnchantment] Shared patch target: MegaCrit.Sts2.Core.Saves.Managers.RunSaveManager.SaveRun
  Ours: Prefix(MultiEnchantmentMod, pri=400, SaveRunPrefix)
  Others: Prefix(com.ritsukage.sts2-RitsuLib.framework-core, pri=400, Prefix); Postfix(com.ritsukage.sts2-RitsuLib.framework-core, pri=400, Postfix)
[INFO] [MultiEnchantmentMod] [MultiEnchantment] Shared patch target: MegaCrit.Sts2.Core.Runs.RunManager.OnEnded
  Ours: Postfix(MultiEnchantmentMod, pri=400, Postfix)
  Others: Prefix(com.ritsukage.sts2-RitsuLib.framework-core, pri=400, Prefix); Postfix(com.ritsukage.sts2-RitsuLib.framework-core, pri=400, Postfix)
[INFO] [MultiEnchantmentMod] [MultiEnchantment] Shared patch target: MegaCrit.Sts2.Core.Hooks.Hook.BeforeCombatStart
  Ours: Postfix(MultiEnchantmentMod, pri=400, BeforeCombatStartPostfix)
  Others: Prefix(com.ritsukage.sts2-RitsuLib.framework-core, pri=800, Prefix)
[INFO] [MultiEnchantmentMod] [MultiEnchantment] Shared patch target: MegaCrit.Sts2.Core.Hooks.Hook.AfterCombatEnd
  Ours: Postfix(MultiEnchantmentMod, pri=400, AfterCombatEndPostfix)
  Others: Postfix(com.ritsukage.sts2-RitsuLib.framework-core, pri=0, Postfix)
[INFO] [MultiEnchantmentMod] [MultiEnchantment] Shared patch target: MegaCrit.Sts2.Core.Hooks.Hook.BeforeSideTurnStart
  Ours: Postfix(MultiEnchantmentMod, pri=400, HookBeforeSideTurnStartPostfix)
  Others: Prefix(com.ritsukage.sts2-RitsuLib.framework-core, pri=800, Prefix)
[INFO] [MultiEnchantmentMod] [MultiEnchantment] Shared patch target: MegaCrit.Sts2.Core.Hooks.Hook.AfterSideTurnStart
  Ours: Postfix(MultiEnchantmentMod, pri=400, HookAfterSideTurnStartPostfix)
  Others: Postfix(com.ritsukage.sts2-RitsuLib.framework-core, pri=0, Postfix); Postfix(com.ritsukage.sts2-RitsuLib.framework-core, pri=400, Postfix)
[INFO] [MultiEnchantmentMod] [MultiEnchantment] Shared patch target: MegaCrit.Sts2.Core.Hooks.Hook.AfterCardPlayed
  Ours: Postfix(MultiEnchantmentMod, pri=400, HookAfterCardPlayedPostfix)
  Others: Postfix(com.ritsukage.sts2-RitsuLib.framework-core, pri=0, Postfix)
[INFO] [MultiEnchantmentMod] [MultiEnchantment] Shared patch target: MegaCrit.Sts2.Core.Hooks.Hook.AfterCardChangedPiles
  Ours: Postfix(MultiEnchantmentMod, pri=400, HookAfterCardChangedPilesPostfix)
  Others: Postfix(com.ritsukage.sts2-RitsuLib.framework-core, pri=0, Postfix)
[INFO] [MultiEnchantmentMod] [MultiEnchantment] Shared patch target: MegaCrit.Sts2.Core.Hooks.Hook.AfterCardDrawn
  Ours: Postfix(MultiEnchantmentMod, pri=400, HookAfterCardDrawnPostfix); Postfix(MultiEnchantmentMod, pri=200, HookAfterCardDrawnStackedPostfix)
  Others: Postfix(com.ritsukage.sts2-RitsuLib.framework-core, pri=0, Postfix)
[INFO] [MultiEnchantmentMod] [MultiEnchantment] Shared patch target: MegaCrit.Sts2.Core.Hooks.Hook.AfterCardDiscarded
  Ours: Postfix(MultiEnchantmentMod, pri=400, HookAfterCardDiscardedPostfix)
  Others: Postfix(com.ritsukage.sts2-RitsuLib.framework-core, pri=0, Postfix)
[INFO] [MultiEnchantmentMod] [MultiEnchantment] Shared patch target: MegaCrit.Sts2.Core.Hooks.Hook.AfterCardExhausted
  Ours: Postfix(MultiEnchantmentMod, pri=400, HookAfterCardExhaustedPostfix)
  Others: Postfix(com.ritsukage.sts2-RitsuLib.framework-core, pri=0, Postfix)
[INFO] [MultiEnchantmentMod] [MultiEnchantment] Shared patch target: MegaCrit.Sts2.Core.Hooks.Hook.BeforeFlush
  Ours: Postfix(MultiEnchantmentMod, pri=200, HookBeforeFlushStackedPostfix)
  Others: Prefix(com.ritsukage.sts2-RitsuLib.framework-core, pri=800, Prefix)
[INFO] [MultiEnchantmentMod] [MultiEnchantment] Shared patch target: MegaCrit.Sts2.Core.Hooks.Hook.AfterFlush
  Ours: Postfix(MultiEnchantmentMod, pri=400, HookAfterFlushRetainedPostfix)
  Others: Postfix(com.ritsukage.sts2-RitsuLib.framework-core, pri=0, Postfix)
[INFO] [MultiEnchantmentMod] [MultiEnchantment] Shared patch target: MegaCrit.Sts2.Core.Hooks.Hook.BeforeAttack
  Ours: Postfix(MultiEnchantmentMod, pri=400, HookBeforeAttackPostfix)
  Others: Prefix(com.ritsukage.sts2-RitsuLib.framework-core, pri=800, Prefix)
[INFO] [MultiEnchantmentMod] [MultiEnchantment] Shared patch target: MegaCrit.Sts2.Core.Hooks.Hook.AfterAttack
  Ours: Postfix(MultiEnchantmentMod, pri=400, HookAfterAttackPostfix)
  Others: Postfix(com.ritsukage.sts2-RitsuLib.framework-core, pri=0, Postfix)
[INFO] [MultiEnchantmentMod] [MultiEnchantment] Shared patch target: MegaCrit.Sts2.Core.Hooks.Hook.BeforeBlockGained
  Ours: Postfix(MultiEnchantmentMod, pri=400, HookBeforeBlockGainedPostfix)
  Others: Prefix(com.ritsukage.sts2-RitsuLib.framework-core, pri=800, Prefix)
[INFO] [MultiEnchantmentMod] [MultiEnchantment] Shared patch target: MegaCrit.Sts2.Core.Hooks.Hook.AfterBlockGained
  Ours: Postfix(MultiEnchantmentMod, pri=400, HookAfterBlockGainedPostfix)
  Others: Postfix(com.ritsukage.sts2-RitsuLib.framework-core, pri=0, Postfix)
[INFO] [MultiEnchantmentMod] [MultiEnchantment] Shared patch target: MegaCrit.Sts2.Core.Hooks.Hook.AfterCardEnteredCombat
  Ours: Postfix(MultiEnchantmentMod, pri=400, AfterCardEnteredCombatPostfix)
  Others: Postfix(com.ritsukage.sts2-RitsuLib.framework-core, pri=0, Postfix)
[INFO] [MultiEnchantmentMod] [MultiEnchantment] Shared patch target: MegaCrit.Sts2.Core.Hooks.Hook.AfterPlayerTurnStart
  Ours: Postfix(MultiEnchantmentMod, pri=400, HookAfterPlayerTurnStartPostfix)
  Others: Postfix(com.ritsukage.sts2-RitsuLib.framework-core, pri=0, Postfix)
[INFO] [MultiEnchantmentMod] [MultiEnchantment] Shared patch target: MegaCrit.Sts2.Core.Hooks.Hook.AfterTurnEnd
  Ours: Postfix(MultiEnchantmentMod, pri=400, AfterTurnEndPostfix)
  Others: Postfix(com.ritsukage.sts2-RitsuLib.framework-core, pri=0, Postfix)
[INFO] [MultiEnchantmentMod] [MultiEnchantment] Shared patch target: MegaCrit.Sts2.Core.Models.CardModel.get_ShouldGlowGold
  Ours: Postfix(MultiEnchantmentMod, pri=400, ShouldGlowGoldPostfix)
  Others: Postfix(com.ritsukage.sts2-RitsuLib.framework-core, pri=400, Postfix); Postfix(com.ritsukage.sts2-RitsuLib.framework-core, pri=400, Postfix)
[INFO] [MultiEnchantmentMod] [MultiEnchantment] Shared patch target: MegaCrit.Sts2.Core.Models.CardModel.get_ShouldGlowRed
  Ours: Postfix(MultiEnchantmentMod, pri=400, ShouldGlowRedPostfix)
  Others: Postfix(com.ritsukage.sts2-RitsuLib.framework-core, pri=400, Postfix); Postfix(com.ritsukage.sts2-RitsuLib.framework-core, pri=400, Postfix)
[INFO] [MultiEnchantmentMod] [MultiEnchantment] Shared patch target: MegaCrit.Sts2.Core.Models.CardModel.OnPlayWrapper
  Ours: Prefix(MultiEnchantmentMod, pri=200, CardModelOnPlayWrapperPrefix)
  Others: Prefix(com.ritsukage.sts2-RitsuLib.framework-core, pri=400, Prefix); Postfix(com.ritsukage.sts2-RitsuLib.framework-core, pri=400, Postfix); Postfix(com.ritsukage.sts2-RitsuLib.framework-core, pri=400, Postfix); Postfix(sts2.vitech.regentFx, pri=400, PostOnPlayPatch)
[INFO] [MultiEnchantmentMod] [MultiEnchantment] Shared patch target: MegaCrit.Sts2.Core.Models.Relics.ArchaicTooth.GetTranscendenceTransformedCard
  Ours: Prefix(MultiEnchantmentMod, pri=200, ArchaicToothPrefix)
  Others: Prefix(com.ritsukage.sts2-RitsuLib.framework-core, pri=400, Prefix)
[INFO] [MultiEnchantmentMod] [MultiEnchantment] Shared patch target: MegaCrit.Sts2.Core.Runs.RunState.IterateHookListeners
  Ours: Postfix(MultiEnchantmentMod, pri=400, RunListenersPostfix)
  Others: Postfix(com.ritsukage.sts2-RitsuLib.framework-core, pri=400, Postfix)
[INFO] [MultiEnchantmentMod] [MultiEnchantment] Shared patch target: MegaCrit.Sts2.Core.Combat.CombatState.IterateHookListeners
  Ours: Postfix(MultiEnchantmentMod, pri=400, CombatListenersPostfix)
  Others: Postfix(com.ritsukage.sts2-RitsuLib.framework-core, pri=400, Postfix)
[INFO] [MultiEnchantmentMod] [MultiEnchantment] Shared patch target: MegaCrit.Sts2.Core.Nodes.Cards.NCard.UpdateVisuals
  Ours: Prefix(MultiEnchantmentMod, pri=400, CardVisualsPrefix)
  Others: Postfix(com.ritsukage.sts2-RitsuLib.framework-core, pri=400, Postfix); Postfix(PengoTarot.Pengo, pri=400, Postfix); Postfix(PengoTarot.Pengo, pri=400, Postfix); Postfix(PengoTarot.Pengo, pri=400, Postfix)
[INFO] [MultiEnchantmentMod] [MultiEnchantment] Shared patch target: MegaCrit.Sts2.Core.Entities.Cards.CardTransformation.GetReplacement
  Ours: Postfix(MultiEnchantmentMod, pri=200, CardTransformationGetReplacementPostfix)
  Others: Postfix(com.ritsukage.sts2-RitsuLib.framework-core, pri=400, Postfix)
[INFO] [MultiEnchantmentMod] [MultiEnchantment] Shared patch target: MegaCrit.Sts2.Core.Nodes.Combat.NTargetManager.StartTargeting
  Ours: Postfix(MultiEnchantmentMod, pri=400, TargetManagerStartCardTargetingPostfix)
  Others: Postfix(sts2.piyixiajiuhenfen.speedx, pri=400, Postfix)
[INFO] [MultiEnchantmentMod] [MultiEnchantment] Shared patch target: MegaCrit.Sts2.Core.Nodes.Combat.NPlayerHand.Add
  Ours: Postfix(MultiEnchantmentMod, pri=400, PlayerHandAddPostfix)
  Others: Postfix(sts2.piyixiajiuhenfen.speedx, pri=400, Postfix)
[INFO] [MultiEnchantmentMod] [MultiEnchantment] Shared patch target: MegaCrit.Sts2.Core.Runs.RunManager.Launch
  Ours: Postfix(MultiEnchantmentMod, pri=200, RunManagerLaunchReassertPostfix)
  Others: Postfix(PengoTarot.Pengo, pri=400, Postfix)
[INFO] [MultiEnchantmentMod] [MultiEnchantment] Detected 42 shared Harmony patch target(s) with other mods. This is informational — conflicts may or may not cause issues.
[INFO] [MultiEnchantmentMod] [VanillaCopyGuard] MegaCrit.Sts2.Core.Models.CardModel.OnPlayWrapper IL sha1 = cbf1aadb672c231e1968bac979f662053ca263b0 (log-only; freeze this value into ExpectedHashes when ready).
[INFO] [MultiEnchantmentMod] [VanillaCopyGuard] MegaCrit.Sts2.Core.Commands.CardCmd.Enchant IL sha1 = 9432b34aa72f6cd3f949e7e95392251ec95db0a0 (log-only; freeze this value into ExpectedHashes when ready).
[INFO] [MultiEnchantmentMod] [VanillaCopyGuard] MegaCrit.Sts2.Core.Commands.CardCmd.ClearEnchantment IL sha1 = a484a00933a2fc186d1330a38751458e0e79e3c1 (log-only; freeze this value into ExpectedHashes when ready).
[INFO] [MultiEnchantmentMod] [VanillaCopyGuard] MegaCrit.Sts2.Core.Combat.CombatManager.SetupPlayerTurn IL sha1 = 59cee00aef22b8e00eb498c53a41e9efabae6a55 (log-only; freeze this value into ExpectedHashes when ready).
[INFO] [MultiEnchantmentMod] [VanillaCopyGuard] MegaCrit.Sts2.Core.Models.EnchantmentModel.CanEnchant IL sha1 = c49dc1a84a5d86aa996f8ac888d1e7d347ba80d4 (log-only; freeze this value into ExpectedHashes when ready).
[INFO] [MultiEnchantmentMod] [VanillaCopyGuard] MegaCrit.Sts2.Core.Hooks.Hook.ModifyBlock IL sha1 = fb3b6e80bfb3eac776dc675c101ec527817b1c23 (log-only; freeze this value into ExpectedHashes when ready).
[INFO] [MultiEnchantmentMod] [VanillaCopyGuard] MegaCrit.Sts2.Core.Hooks.Hook.ModifyDamage IL sha1 = d35aefc8171800c8303b6543c76600b74965e6f1 (log-only; freeze this value into ExpectedHashes when ready).
[INFO] [MultiEnchantmentMod] [VanillaCopyGuard] MegaCrit.Sts2.Core.Entities.Cards.CardTransformation.GetReplacement IL sha1 = 6cb089d66c005c9c6f7eae3d3cf4c5d570d21650 (log-only; freeze this value into ExpectedHashes when ready).
[INFO] [MultiEnchantmentMod] [VanillaCopyGuard] MegaCrit.Sts2.Core.Nodes.Cards.NEnchantPreview.Init IL sha1 = 018ca6205723dab29e836f9fb7736fb5db5a2bd4 (log-only; freeze this value into ExpectedHashes when ready).
[INFO] [MultiEnchantmentMod] [VanillaCopyGuard] MegaCrit.Sts2.Core.Nodes.Vfx.NCardEnchantVfx._Ready IL sha1 = d55eed697cb53b81323eb69850aa86d4ab564c63 (log-only; freeze this value into ExpectedHashes when ready).
[INFO] [MultiEnchantmentMod] [VanillaCopyGuard] MegaCrit.Sts2.Core.Nodes.Vfx.NCardEnchantVfx.Create IL sha1 = 51bf0618cedf406da10c997f9705d1c403edb624 (log-only; freeze this value into ExpectedHashes when ready).
[INFO] [MultiEnchantmentMod] [VanillaCopyGuard] MegaCrit.Sts2.Core.Nodes.Screens.RunHistoryScreen.NDeckHistoryEntry.Reload IL sha1 = 790117af49c2170d563b7576ef2e3c3ce849caaa (log-only; freeze this value into ExpectedHashes when ready).
[INFO] [MultiEnchantmentMod] [VanillaCopyGuard] MegaCrit.Sts2.Core.Models.Relics.MysticLighter.ModifyDamageAdditive IL sha1 = c1ef0c5224962e2bff3665ec62af7dd8c374a63a (log-only; freeze this value into ExpectedHashes when ready).
[INFO] Finished mod initialization for 'MultiEnchantmentMod' (MultiEnchantmentMod).
[WARN] Mod MoreEnchantments does not declare min game version. Assuming that it is supported.
[INFO] Loading assembly DLL D:\Program Files (x86)\Steam\steamapps\workshop\content\2868840\3747575739\MoreEnchantments.dll
[INFO] Loading Godot PCK D:\Program Files (x86)\Steam\steamapps\workshop\content\2868840\3747575739\MoreEnchantments.pck
[INFO] Calling initializer method of type MoreEnchantmentsMod.MoreEnchantmentsBootstrap for MoreEnchantments, Version=0.0.0.0, Culture=neutral, PublicKeyToken=null
[INFO] [MoreEnchantments] Initialized. (Harmony: 391 patched, 0 skipped)
[INFO] Finished mod initialization for 'More Enchantments' (MoreEnchantments).
[WARN] Mod EnchantmentCompendium does not declare min game version. Assuming that it is supported.
[INFO] Loading assembly DLL D:\Program Files (x86)\Steam\steamapps\workshop\content\2868840\3750879024\EnchantmentCompendium.dll
[INFO] Loading Godot PCK D:\Program Files (x86)\Steam\steamapps\workshop\content\2868840\3750879024\EnchantmentCompendium.pck
[INFO] Calling initializer method of type EnchantmentCompendium.scripts.Entry for EnchantmentCompendium, Version=0.0.0.0, Culture=neutral, PublicKeyToken=null
[INFO] Finished mod initialization for 'EnchantmentCompendium' (EnchantmentCompendium).
[WARN] Mod InfiniteUpgradeSystem does not declare min game version. Assuming that it is supported.
[INFO] Loading assembly DLL D:\Program Files (x86)\Steam\steamapps\common\Slay the Spire 2\mods\InfiniteUpgradeSystem\InfiniteUpgradeSystem.dll
[INFO] Calling initializer method of type InfiniteUpgradeSystem.Entry for InfiniteUpgradeSystem, Version=1.0.0.0, Culture=neutral, PublicKeyToken=null
[InfiniteUpgrade] Subscribed.
[INFO] InfiniteUpgradeSystem mod initialized.
[INFO] Finished mod initialization for '无限升级系统' (InfiniteUpgradeSystem).
[INFO] [com.ritsukage.sts2-RitsuLib] 
=== RitsuLib Mod Debug Information ===
Host Version: v0.107.1
RitsuLib Version: 0.4.56 [compat branch: 0.107.1]
BaseLib: v3.3.5
Loaded Mods: 17
Registered Mods: 18
Mod List:
  * BaseLib (v3.3.5)
  * Quick Restart [QuickRestart] (v1.0.1)
  * 重放大师 [ReplayMaster] (2.0.0)
  * 皮皮配置: ModConfig [ModConfig] (0.2.3)
  * RitsuLib [STS2-RitsuLib] (0.4.56)
  * 皮皮极速: SpeedX [SpeedX] (0.11.9)
  * 万象辉星[RegentFX] [RegentFX] (0.4.3)
  * 机娘“阿塔” [ATA_IronClad] (0.1.10)
  * regentSkin (0.8.0)
  * necrobinderSkin (0.9.1)
  * PengoTarot (v1.3.2)
  * ShopEnhancement (v0.4.2)
  * 忍者“阿塔” [ATA_Silent] (0.1.2)
  * MultiEnchantmentMod (v2.4.10)
  * More Enchantments [MoreEnchantments] (0.4.9)
  * EnchantmentCompendium (0.0.1)
  * 无限升级系统 [InfiniteUpgradeSystem] (1.0.0)
Common Incompatible Mods:
  * 皮皮配置: ModConfig [ModConfig] (0.2.3) state=Loaded source=SteamWorkshop
  * 皮皮极速: SpeedX [SpeedX] (0.11.9) state=Loaded source=SteamWorkshop

[INFO]  --- RUNNING MODDED! --- Loaded 17 mods (18 total)
[Sentry.GDExtension] should_sample callable set
[WARN] Asset not cached: res://scenes/debug/dev_console.tscn
[INFO] Syncing cloud save files to the local save directory
[WARN] Asset not cached: res://scenes/cards/card.tscn
[WARN] Asset not cached: res://scenes/cards/holders/grid_card_holder.tscn
[INFO] AtlasManager: Loaded ui_atlas with 102 sprites
[INFO] AtlasManager: Loaded compressed with 45 sprites
[WARN] [com.ritsukage.sts2-RitsuLib] [ModelDb] ReflectionHelper.ModTypes was already cached before LocManager.Initialize (2796 types). Clearing the cache so post-mod-load scans include all loaded mod types; another mod likely accessed ReflectionHelper.ModTypes before mod loading completed.
[INFO] [BaseLib] Performing early post-mod init
[INFO] [BaseLib] Mod ReplayMaster that modifies gameplay has BaseLib dependency; gameplay modification enabled.
[INFO] [BaseLib] Patching act types for custom encounters and events | DeprecatedAct | Glory | Hive | Overgrowth | Underdocks
[INFO] [BaseLib] Generating interop methods and properties
[INFO] [com.ritsukage.sts2-RitsuLib] [SavedProperties] Injected 0 mod model type(s); property net IDs: 73 -> 73, bit size 7, deterministic sort: applied.
[INFO] Loading locale path=res://localization/eng
[INFO] Found loc table from mod: eng card_keywords.json. Merging with base loc table
[INFO] Found loc table from mod: eng card_selection.json. Merging with base loc table
[INFO] Found loc table from mod: eng card_selection.json. Merging with base loc table
[INFO] Found loc table from mod: eng cards.json. Merging with base loc table
[INFO] Found loc table from mod: eng cards.json. Merging with base loc table
[INFO] Found loc table from mod: eng characters.json. Merging with base loc table
[INFO] Found loc table from mod: eng characters.json. Merging with base loc table
[INFO] Found loc table from mod: eng enchantments.json. Merging with base loc table
[INFO] Found loc table from mod: eng events.json. Merging with base loc table
[INFO] Found loc table from mod: eng gameplay_ui.json. Merging with base loc table
[INFO] Found loc table from mod: eng gameplay_ui.json. Merging with base loc table
[INFO] Found loc table from mod: eng main_menu_ui.json. Merging with base loc table
[INFO] Found loc table from mod: eng main_menu_ui.json. Merging with base loc table
[INFO] Found loc table from mod: eng main_menu_ui.json. Merging with base loc table
[INFO] Found loc table from mod: eng powers.json. Merging with base loc table
[INFO] Found loc table from mod: eng powers.json. Merging with base loc table
[INFO] Found loc table from mod: eng relics.json. Merging with base loc table
[INFO] Found loc table from mod: eng rest_site_ui.json. Merging with base loc table
[INFO] Found loc table from mod: eng settings_ui.json. Merging with base loc table
[INFO] Found loc table from mod: eng settings_ui.json. Merging with base loc table
[INFO] Found loc table from mod: eng static_hover_tips.json. Merging with base loc table
[INFO] Loading locale path=res://localization/zhs
[INFO] Found loc table from mod: zhs card_keywords.json. Merging with base loc table
[INFO] Found loc table from mod: zhs card_selection.json. Merging with base loc table
[INFO] Found loc table from mod: zhs card_selection.json. Merging with base loc table
[INFO] Found loc table from mod: zhs cards.json. Merging with base loc table
[INFO] Found loc table from mod: zhs cards.json. Merging with base loc table
[INFO] Found loc table from mod: zhs characters.json. Merging with base loc table
[INFO] Found loc table from mod: zhs characters.json. Merging with base loc table
[INFO] Found loc table from mod: zhs enchantments.json. Merging with base loc table
[INFO] Found loc table from mod: zhs events.json. Merging with base loc table
[INFO] Found loc table from mod: zhs gameplay_ui.json. Merging with base loc table
[INFO] Found loc table from mod: zhs gameplay_ui.json. Merging with base loc table
[INFO] Found loc table from mod: zhs main_menu_ui.json. Merging with base loc table
[INFO] Found loc table from mod: zhs main_menu_ui.json. Merging with base loc table
[INFO] Found loc table from mod: zhs main_menu_ui.json. Merging with base loc table
[INFO] Found loc table from mod: zhs powers.json. Merging with base loc table
[INFO] Found loc table from mod: zhs powers.json. Merging with base loc table
[INFO] Found loc table from mod: zhs relics.json. Merging with base loc table
[INFO] Found loc table from mod: zhs rest_site_ui.json. Merging with base loc table
[INFO] Found loc table from mod: zhs settings_ui.json. Merging with base loc table
[INFO] Found loc table from mod: zhs settings_ui.json. Merging with base loc table
[INFO] Found loc table from mod: zhs static_hover_tips.json. Merging with base loc table
[INFO] [ShopEnhancement] LocManager initialized. Loading ShopEnhancement localization.
[INFO] [ShopEnhancement] Loaded localization table 'shop_enhancement' for language 'zhs' from res://ShopEnhancement/localization/zhs.json
[INFO] [BaseLib] Starting custom enum generation for 7638 modded types
[INFO] [BaseLib] Generated KeyGenerator for enum MegaCrit.Sts2.Core.Entities.Cards.TargetType with starting value 10 | IsFlag: False | Half-Size: 16
[INFO] [BaseLib] Generated KeyGenerator for enum MegaCrit.Sts2.Core.Rewards.RewardType with starting value 7 | IsFlag: False | Half-Size: 16
[INFO] [BaseLib] Registering CustomReward deserializer for BaseLib.Common.Rewards.CardTransformReward
[INFO] [BaseLib] Registering RewardType CardTransform
[INFO] [BaseLib] Registering CustomReward deserializer for BaseLib.Common.Rewards.CardUpgradeReward
[INFO] [BaseLib] Registering RewardType CardUpgrade
[INFO] [BaseLib] Generated KeyGenerator for enum MegaCrit.Sts2.Core.Entities.Cards.CardKeyword with starting value 8 | IsFlag: False | Half-Size: 16
[INFO] [BaseLib] Registering CustomReward deserializer for BaseLib.Common.Rewards.RandomCardUpgradeReward
[INFO] [BaseLib] Registering RewardType RandomCardUpgrade
[INFO] [ATA_IronClad] [Content] Content registration is now frozen (Init).
[INFO] [ATA_Silent] [Content] Content registration is now frozen (Init).
[INFO] [com.ritsukage.sts2-RitsuLib] [Patcher - content registry] Applying 25 dynamic patch(es)...
[INFO] [com.ritsukage.sts2-RitsuLib] [Patcher - content registry] Dynamic patch application complete: 25/25 succeeded
[INFO] [com.ritsukage.sts2-RitsuLib] [Content] Dynamic act content patching initialized for 5 act type(s).
[INFO] [com.ritsukage.sts2-RitsuLib] [Patcher - content registry] Applying 17 dynamic patch(es)...
[INFO] [com.ritsukage.sts2-RitsuLib] [Patcher - content registry] Dynamic patch application complete: 17/17 succeeded
[INFO] [com.ritsukage.sts2-RitsuLib] [Content] Dynamic character starter patching initialized for 8 character type(s).
[INFO] [com.ritsukage.sts2-RitsuLib] [ModelDbDefer] Applied deferred patches after ModelDb.Init.
[INFO] ModelIdSerializationCache initialized. Categories: 21 Entries: 1818 Epochs: 57 Hash: 1109359165
[INFO] [com.ritsukage.sts2-RitsuLib] [ModelIdSerializationCache] Deterministic final-content cache not enabled.
[INFO] [BaseLib] Performing late post-mod init
[WARN] [BaseLib] SavedProperty MultiEnchantmentData will not work on type MultiEnchantmentSaveCarrier; this type is currently also unsupported by BaseLib for saved values.
[WARN] [BaseLib] SavedProperty MultiEnchantmentOrderData will not work on type MultiEnchantmentSaveCarrier; this type is currently also unsupported by BaseLib for saved values.
[WARN] [BaseLib] SavedProperty MultiEnchantmentMergedStackAmounts will not work on type MultiEnchantmentSaveCarrier; this type is currently also unsupported by BaseLib for saved values.
[WARN] [BaseLib] SavedProperty MultiEnchantmentScopeData will not work on type MultiEnchantmentSaveCarrier; this type is currently also unsupported by BaseLib for saved values.
[WARN] [BaseLib] SavedProperty MultiEnchantmentEnchantmentStatus will not work on type MultiEnchantmentSaveCarrier; this type is currently also unsupported by BaseLib for saved values.
[WARN] [BaseLib] SavedProperty MultiEnchantmentInstanceId will not work on type MultiEnchantmentSaveCarrier; this type is currently also unsupported by BaseLib for saved values.
[WARN] [BaseLib] SavedProperty MultiEnchantmentCardInstanceId will not work on type MultiEnchantmentSaveCarrier; this type is currently also unsupported by BaseLib for saved values.
[INFO] [BaseLib] Found 0 SavedSpireFields.
[INFO] [BaseLib] Adjusting keys of custom message wrappers.
[INFO] [BaseLib] Using IDs 128 and 129 for custom message wrappers.
[INFO] Profile-scoped data path initialized: user://steam/76561198995205184/modded/profile2
[INFO] [com.ritsukage.sts2-RitsuLib] [Persistence] ProfileManager initialized with profile ID: 2
[INFO] [com.ritsukage.sts2-RitsuLib] [Saves] Progress mirror merged into loaded progress
[INFO] [Sentry.NET] Is running modded
[INFO] [Sentry.NET] Shutting down because event reporting is disabled.
[INFO] [Sentry.NET] Shutting down
[INFO] [com.ritsukage.sts2-RitsuLib] [SentryCompat] Skipped native Sentry GDExtension shutdown for STS2 0.107.1+ workaround.
[INFO] [BaseLib] Adding 0 custom acts to act list.
[INFO] [BaseLib] Result: ACT.OVERGROWTH (22136376),ACT.UNDERDOCKS (65009660),ACT.HIVE (48216033),ACT.GLORY (31291121)
[INFO] AtlasManager: Loaded controller_atlas with 112 sprites
[INFO] SteamStatsManager: User stats received
[INFO] SteamStatsManager: Global stats received (found=True), architect damage = 303205700533
[WARN] [MultiEnchantmentMod] [MultiEnchantment] is-check rewrite: could not read IL of BaseLib.Utils.AncientOption`1.get_ModelForOption (BaseLib): Specified method is not supported.. That check only sees the card's PRIMARY enchantment, so this mod may fail to detect enchantments in additional slots (enchantment-dependent behavior may silently not trigger). Mod author fix: replace 'card.Enchantment is X' with the no-dependency compatibility bridge — https://github.com/1939323749/MultiEnchantmentMod/wiki/Integrating-MultiEnchantmentMod ("Optional: No Hard Dependency" section).
[WARN] [MultiEnchantmentMod] [MultiEnchantment] is-check rewrite: could not read IL of BaseLib.Utils.CommonActions.Apply (BaseLib): Specified method is not supported.. That check only sees the card's PRIMARY enchantment, so this mod may fail to detect enchantments in additional slots (enchantment-dependent behavior may silently not trigger). Mod author fix: replace 'card.Enchantment is X' with the no-dependency compatibility bridge — https://github.com/1939323749/MultiEnchantmentMod/wiki/Integrating-MultiEnchantmentMod ("Optional: No Hard Dependency" section).
[WARN] [MultiEnchantmentMod] [MultiEnchantment] is-check rewrite: could not read IL of BaseLib.Utils.CustomAnimation.FindNode (BaseLib): Specified method is not supported.. That check only sees the card's PRIMARY enchantment, so this mod may fail to detect enchantments in additional slots (enchantment-dependent behavior may silently not trigger). Mod author fix: replace 'card.Enchantment is X' with the no-dependency compatibility bridge — https://github.com/1939323749/MultiEnchantmentMod/wiki/Integrating-MultiEnchantmentMod ("Optional: No Hard Dependency" section).
[WARN] [MultiEnchantmentMod] [MultiEnchantment] is-check rewrite: could not read IL of BaseLib.Utils.CustomAnimation.SearchRecursive (BaseLib): Specified method is not supported.. That check only sees the card's PRIMARY enchantment, so this mod may fail to detect enchantments in additional slots (enchantment-dependent behavior may silently not trigger). Mod author fix: replace 'card.Enchantment is X' with the no-dependency compatibility bridge — https://github.com/1939323749/MultiEnchantmentMod/wiki/Integrating-MultiEnchantmentMod ("Optional: No Hard Dependency" section).
[WARN] [MultiEnchantmentMod] [MultiEnchantment] is-check rewrite: could not read IL of BaseLib.Utils.ReflectionUtils.<GetSetterForProperty>g__GetPropertySetter|1_0 (BaseLib): Specified method is not supported.. That check only sees the card's PRIMARY enchantment, so this mod may fail to detect enchantments in additional slots (enchantment-dependent behavior may silently not trigger). Mod author fix: replace 'card.Enchantment is X' with the no-dependency compatibility bridge — https://github.com/1939323749/MultiEnchantmentMod/wiki/Integrating-MultiEnchantmentMod ("Optional: No Hard Dependency" section).
[WARN] [MultiEnchantmentMod] [MultiEnchantment] is-check rewrite: could not read IL of BaseLib.Utils.SpireField`2.Clone (BaseLib): Specified method is not supported.. That check only sees the card's PRIMARY enchantment, so this mod may fail to detect enchantments in additional slots (enchantment-dependent behavior may silently not trigger). Mod author fix: replace 'card.Enchantment is X' with the no-dependency compatibility bridge — https://github.com/1939323749/MultiEnchantmentMod/wiki/Integrating-MultiEnchantmentMod ("Optional: No Hard Dependency" section).
[WARN] [MultiEnchantmentMod] [MultiEnchantment] is-check rewrite: could not read IL of BaseLib.Utils.SpireField`2.Get (BaseLib): Specified method is not supported.. That check only sees the card's PRIMARY enchantment, so this mod may fail to detect enchantments in additional slots (enchantment-dependent behavior may silently not trigger). Mod author fix: replace 'card.Enchantment is X' with the no-dependency compatibility bridge — https://github.com/1939323749/MultiEnchantmentMod/wiki/Integrating-MultiEnchantmentMod ("Optional: No Hard Dependency" section).
[WARN] [MultiEnchantmentMod] [MultiEnchantment] is-check rewrite: could not read IL of BaseLib.Utils.SpireField`2.Set (BaseLib): Specified method is not supported.. That check only sees the card's PRIMARY enchantment, so this mod may fail to detect enchantments in additional slots (enchantment-dependent behavior may silently not trigger). Mod author fix: replace 'card.Enchantment is X' with the no-dependency compatibility bridge — https://github.com/1939323749/MultiEnchantmentMod/wiki/Integrating-MultiEnchantmentMod ("Optional: No Hard Dependency" section).
[WARN] [MultiEnchantmentMod] [MultiEnchantment] is-check rewrite: could not read IL of BaseLib.Utils.NotNullSpireField`2.Clone (BaseLib): Specified method is not supported.. That check only sees the card's PRIMARY enchantment, so this mod may fail to detect enchantments in additional slots (enchantment-dependent behavior may silently not trigger). Mod author fix: replace 'card.Enchantment is X' with the no-dependency compatibility bridge — https://github.com/1939323749/MultiEnchantmentMod/wiki/Integrating-MultiEnchantmentMod ("Optional: No Hard Dependency" section).
[WARN] [MultiEnchantmentMod] [MultiEnchantment] is-check rewrite: could not read IL of BaseLib.Utils.NotNullSpireField`2.Get (BaseLib): Specified method is not supported.. That check only sees the card's PRIMARY enchantment, so this mod may fail to detect enchantments in additional slots (enchantment-dependent behavior may silently not trigger). Mod author fix: replace 'card.Enchantment is X' with the no-dependency compatibility bridge — https://github.com/1939323749/MultiEnchantmentMod/wiki/Integrating-MultiEnchantmentMod ("Optional: No Hard Dependency" section).
[WARN] [MultiEnchantmentMod] [MultiEnchantment] is-check rewrite: could not read IL of BaseLib.Utils.NotNullSpireField`2.Set (BaseLib): Specified method is not supported.. That check only sees the card's PRIMARY enchantment, so this mod may fail to detect enchantments in additional slots (enchantment-dependent behavior may silently not trigger). Mod author fix: replace 'card.Enchantment is X' with the no-dependency compatibility bridge — https://github.com/1939323749/MultiEnchantmentMod/wiki/Integrating-MultiEnchantmentMod ("Optional: No Hard Dependency" section).
[WARN] [MultiEnchantmentMod] [MultiEnchantment] is-check rewrite: could not read IL of BaseLib.Utils.IAddedNodes`1.ConditionalAdd (BaseLib): Specified method is not supported.. That check only sees the card's PRIMARY enchantment, so this mod may fail to detect enchantments in additional slots (enchantment-dependent behavior may silently not trigger). Mod author fix: replace 'card.Enchantment is X' with the no-dependency compatibility bridge — https://github.com/1939323749/MultiEnchantmentMod/wiki/Integrating-MultiEnchantmentMod ("Optional: No Hard Dependency" section).
[WARN] [MultiEnchantmentMod] [MultiEnchantment] is-check rewrite: could not read IL of BaseLib.Utils.SavedSpireField`2.TryGetFromProperties (BaseLib): Specified method is not supported.. That check only sees the card's PRIMARY enchantment, so this mod may fail to detect enchantments in additional slots (enchantment-dependent behavior may silently not trigger). Mod author fix: replace 'card.Enchantment is X' with the no-dependency compatibility bridge — https://github.com/1939323749/MultiEnchantmentMod/wiki/Integrating-MultiEnchantmentMod ("Optional: No Hard Dependency" section).
[WARN] [MultiEnchantmentMod] [MultiEnchantment] is-check rewrite: could not read IL of BaseLib.Utils.WeightedList`1.Add (BaseLib): Specified method is not supported.. That check only sees the card's PRIMARY enchantment, so this mod may fail to detect enchantments in additional slots (enchantment-dependent behavior may silently not trigger). Mod author fix: replace 'card.Enchantment is X' with the no-dependency compatibility bridge — https://github.com/1939323749/MultiEnchantmentMod/wiki/Integrating-MultiEnchantmentMod ("Optional: No Hard Dependency" section).
[WARN] [MultiEnchantmentMod] [MultiEnchantment] is-check rewrite: could not read IL of BaseLib.Utils.NodeFactories.NodeFactory.RegisterSceneType (BaseLib): Specified method is not supported.. That check only sees the card's PRIMARY enchantment, so this mod may fail to detect enchantments in additional slots (enchantment-dependent behavior may silently not trigger). Mod author fix: replace 'card.Enchantment is X' with the no-dependency compatibility bridge — https://github.com/1939323749/MultiEnchantmentMod/wiki/Integrating-MultiEnchantmentMod ("Optional: No Hard Dependency" section).
[WARN] [MultiEnchantmentMod] [MultiEnchantment] is-check rewrite: could not read IL of BaseLib.Utils.NodeFactories.NodeFactory`1.CreateFromResource (BaseLib): Specified method is not supported.. That check only sees the card's PRIMARY enchantment, so this mod may fail to detect enchantments in additional slots (enchantment-dependent behavior may silently not trigger). Mod author fix: replace 'card.Enchantment is X' with the no-dependency compatibility bridge — https://github.com/1939323749/MultiEnchantmentMod/wiki/Integrating-MultiEnchantmentMod ("Optional: No Hard Dependency" section).
[WARN] [MultiEnchantmentMod] [MultiEnchantment] is-check rewrite: could not read IL of BaseLib.Utils.NodeFactories.NodeFactory`1.CreateBareFromResource (BaseLib): Specified method is not supported.. That check only sees the card's PRIMARY enchantment, so this mod may fail to detect enchantments in additional slots (enchantment-dependent behavior may silently not trigger). Mod author fix: replace 'card.Enchantment is X' with the no-dependency compatibility bridge — https://github.com/1939323749/MultiEnchantmentMod/wiki/Integrating-MultiEnchantmentMod ("Optional: No Hard Dependency" section).
[WARN] [MultiEnchantmentMod] [MultiEnchantment] is-check rewrite: could not read IL of BaseLib.Utils.NodeFactories.NodeFactory`1.CreateFromNode (BaseLib): Specified method is not supported.. That check only sees the card's PRIMARY enchantment, so this mod may fail to detect enchantments in additional slots (enchantment-dependent behavior may silently not trigger). Mod author fix: replace 'card.Enchantment is X' with the no-dependency compatibility bridge — https://github.com/1939323749/MultiEnchantmentMod/wiki/Integrating-MultiEnchantmentMod ("Optional: No Hard Dependency" section).
[WARN] [MultiEnchantmentMod] [MultiEnchantment] is-check rewrite: could not read IL of BaseLib.Utils.NodeFactories.NodeFactory`1.ConvertScene (BaseLib): Specified method is not supported.. That check only sees the card's PRIMARY enchantment, so this mod may fail to detect enchantments in additional slots (enchantment-dependent behavior may silently not trigger). Mod author fix: replace 'card.Enchantment is X' with the no-dependency compatibility bridge — https://github.com/1939323749/MultiEnchantmentMod/wiki/Integrating-MultiEnchantmentMod ("Optional: No Hard Dependency" section).
[WARN] [MultiEnchantmentMod] [MultiEnchantment] is-check rewrite: could not read IL of BaseLib.Extensions.DynamicVarSetExtensions.Var (BaseLib): Specified method is not supported.. That check only sees the card's PRIMARY enchantment, so this mod may fail to detect enchantments in additional slots (enchantment-dependent behavior may silently not trigger). Mod author fix: replace 'card.Enchantment is X' with the no-dependency compatibility bridge — https://github.com/1939323749/MultiEnchantmentMod/wiki/Integrating-MultiEnchantmentMod ("Optional: No Hard Dependency" section).
[WARN] [MultiEnchantmentMod] [MultiEnchantment] is-check rewrite: could not read IL of BaseLib.Config.ModConfig.GetDefaultValue (BaseLib): Specified method is not supported.. That check only sees the card's PRIMARY enchantment, so this mod may fail to detect enchantments in additional slots (enchantment-dependent behavior may silently not trigger). Mod author fix: replace 'card.Enchantment is X' with the no-dependency compatibility bridge — https://github.com/1939323749/MultiEnchantmentMod/wiki/Integrating-MultiEnchantmentMod ("Optional: No Hard Dependency" section).
[WARN] [MultiEnchantmentMod] [MultiEnchantment] is-check rewrite: could not read IL of BaseLib.Patches.Saves.ExtendedSaveHandlers`2+<>c__DisplayClass12_0`2.<RegisterSave>b__0 (BaseLib): Specified method is not supported.. That check only sees the card's PRIMARY enchantment, so this mod may fail to detect enchantments in additional slots (enchantment-dependent behavior may silently not trigger). Mod author fix: replace 'card.Enchantment is X' with the no-dependency compatibility bridge — https://github.com/1939323749/MultiEnchantmentMod/wiki/Integrating-MultiEnchantmentMod ("Optional: No Hard Dependency" section).
[WARN] [MultiEnchantmentMod] [MultiEnchantment] is-check rewrite: could not read IL of BaseLib.Patches.Saves.ExtendedSaveHandlers`2+<>c__DisplayClass12_0`2.<RegisterSave>b__1 (BaseLib): Specified method is not supported.. That check only sees the card's PRIMARY enchantment, so this mod may fail to detect enchantments in additional slots (enchantment-dependent behavior may silently not trigger). Mod author fix: replace 'card.Enchantment is X' with the no-dependency compatibility bridge — https://github.com/1939323749/MultiEnchantmentMod/wiki/Integrating-MultiEnchantmentMod ("Optional: No Hard Dependency" section).
[WARN] [MultiEnchantmentMod] [MultiEnchantment] is-check rewrite: could not read IL of BaseLib.Abstracts.ConstructedCardModel+<>c__DisplayClass46_0`1.<WithUpgradingCardTip>b__0 (BaseLib): Specified method is not supported.. That check only sees the card's PRIMARY enchantment, so this mod may fail to detect enchantments in additional slots (enchantment-dependent behavior may silently not trigger). Mod author fix: replace 'card.Enchantment is X' with the no-dependency compatibility bridge — https://github.com/1939323749/MultiEnchantmentMod/wiki/Integrating-MultiEnchantmentMod ("Optional: No Hard Dependency" section).
[WARN] [MultiEnchantmentMod] [MultiEnchantment] is-check rewrite: could not read IL of ModConfig.SettingsTabInjector.TryConvertValue (ModConfig): Specified method is not supported.. That check only sees the card's PRIMARY enchantment, so this mod may fail to detect enchantments in additional slots (enchantment-dependent behavior may silently not trigger). Mod author fix: replace 'card.Enchantment is X' with the no-dependency compatibility bridge — https://github.com/1939323749/MultiEnchantmentMod/wiki/Integrating-MultiEnchantmentMod ("Optional: No Hard Dependency" section).
[WARN] [MultiEnchantmentMod] [MultiEnchantment] is-check rewrite: could not read IL of Ppdev.Sts2Compat.GameCompat+<>c__DisplayClass46_0`2.<BuildNullableGetter>b__0 (SpeedX): Specified method is not supported.. That check only sees the card's PRIMARY enchantment, so this mod may fail to detect enchantments in additional slots (enchantment-dependent behavior may silently not trigger). Mod author fix: replace 'card.Enchantment is X' with the no-dependency compatibility bridge — https://github.com/1939323749/MultiEnchantmentMod/wiki/Integrating-MultiEnchantmentMod ("Optional: No Hard Dependency" section).
[WARN] [MultiEnchantmentMod] [MultiEnchantment] is-check rewrite: could not read IL of PengoTarot.Utilities.MultiEnchantmentHelper.GetEnchantmentsOfType (PengoTarot): Specified method is not supported.. That check only sees the card's PRIMARY enchantment, so this mod may fail to detect enchantments in additional slots (enchantment-dependent behavior may silently not trigger). Mod author fix: replace 'card.Enchantment is X' with the no-dependency compatibility bridge — https://github.com/1939323749/MultiEnchantmentMod/wiki/Integrating-MultiEnchantmentMod ("Optional: No Hard Dependency" section).
[INFO] [MultiEnchantmentMod] [MultiEnchantment] Rewrote 1 'card.Enchantment is X' site(s) in PengoTarot.Enchantments.CardModel_ResolveEnergyXValue_Patch.Prefix to also see additional enchantment slots.
[INFO] [MultiEnchantmentMod] [MultiEnchantment] Rewrote 1 'card.Enchantment is X' site(s) in PengoTarot.Enchantments.CardModel_ResolveStarXValue_Patch.Prefix to also see additional enchantment slots.
[INFO] [MultiEnchantmentMod] [MultiEnchantment] Rewrote 1 'card.Enchantment is X' site(s) in PengoTarot.Enchantments.CardModel_HasStarCostX_Patch.Prefix to also see additional enchantment slots.
[INFO] [MultiEnchantmentMod] [MultiEnchantment] Rewrote 1 'card.Enchantment is X' site(s) in PengoTarot.Enchantments.CardModel_GetStarCostWithModifiers_Patch.Prefix to also see additional enchantment slots.
[WARN] [MultiEnchantmentMod] [MultiEnchantment] 1 'card.Enchantment is X' site(s) in PengoTarot.Enchantments.NCard_UpdateStarCostVisuals_StarX_Patch.Postfix are branch targets (null-conditional access) and were left primary-slot-only. That check only sees the card's PRIMARY enchantment, so this mod may fail to detect enchantments in additional slots (enchantment-dependent behavior may silently not trigger). Mod author fix: replace 'card.Enchantment is X' with the no-dependency compatibility bridge — https://github.com/1939323749/MultiEnchantmentMod/wiki/Integrating-MultiEnchantmentMod ("Optional: No Hard Dependency" section).
[INFO] [MultiEnchantmentMod] [MultiEnchantment] Rewrote 1 'card.Enchantment is X' site(s) in PengoTarot.Enchantments.TarDevilUprightEnchantment.ShouldPlay to also see additional enchantment slots.
[INFO] [MultiEnchantmentMod] [MultiEnchantment] Rewrote 1 'card.Enchantment is X' site(s) in PengoTarot.Patches.HeavenlyDrill_ShouldGlowGoldInternal_Patch.Prefix to also see additional enchantment slots.
[WARN] [MultiEnchantmentMod] [MultiEnchantment] PengoTarot.Enchantments.TarFoolUprightEnchantment+<AfterCardPlayed>d__4.MoveNext (PengoTarot) reads card.Enchantment into a complex pattern (switch / null-conditional) at 1 site(s) that cannot be rewritten automatically. That check only sees the card's PRIMARY enchantment, so this mod may fail to detect enchantments in additional slots (enchantment-dependent behavior may silently not trigger). Mod author fix: replace 'card.Enchantment is X' with the no-dependency compatibility bridge — https://github.com/1939323749/MultiEnchantmentMod/wiki/Integrating-MultiEnchantmentMod ("Optional: No Hard Dependency" section).
[INFO] [MultiEnchantmentMod] [MultiEnchantment] is-check rewrite: scanned 14 mod assembly(ies); rewrote 6 'card.Enchantment is X' site(s) in 6 method(s) to be multi-enchantment aware; 2 site(s) left primary-slot-only (see warnings above).
[INFO] InfiniteUpgradeUI: ready.
[INFO] Applying display settings...
  FULLSCREEN: True
  ASPECT_RATIO: (SixteenByNine)
  TARGET_DISPLAY: (0)
  WINDOW_SIZE: (1916, 1080)
  POSITION: (-1, -1)
[INFO] [Display] Min size: (64, 64) Max size: (16384, 16384)
[INFO] [Display] Setting FULLSCREEN on Display: 1 of 1
[INFO] Window changed! New size: (1918, 1080)
[INFO] Window changed! New size: (1934, 1119)
[INFO] Window changed! New size: (2560, 1440)
[INFO] VSync: Adaptive
[INFO] Preloading 'IntroLogo' assets... count=3 vfx=0
[INFO] [sts2.piyixiajiuhenfen.modconfig] Registered config: SpeedX (41 entries)
[INFO] [sts2.piyixiajiuhenfen.speedx] Registered with ModConfig
[INFO] Preloading 'IntroLogo' Complete: assets=3 time_elapsed=165ms
[INFO] Preloading 'MainMenuEssentials' assets... count=5 vfx=0
[INFO] Preloading 'MainMenuEssentials' Complete: assets=5 time_elapsed=264ms
[WARN] Asset not cached: res://debug_audio/SOTE_Logo_Echoing_ShortTail.mp3
[INFO] [sts2.piyixiajiuhenfen.modconfig] Mods tab injected into settings screen!
[INFO] [com.ritsukage.sts2-RitsuLib] [RitsuLib-ModSettings] Loaded translations: language='zhs', fallback='eng', entries=758, local=758, fallbackEntries=0, sources=2 (local=1, fallback=1)
[INFO] [com.ritsukage.sts2-RitsuLib] [RitsuLib-ModSettings] Subscribed to locale change notifications
[WARN] Asset not cached: res://themes/settings_screen_line_header.tres
[WARN] Asset not cached: res://images/ui/reward_screen/reward_skip_button.png
[WARN] Asset not cached: res://scenes/ui/selection_reticle.tscn
[INFO] [Startup] Time to main menu (Godot ticks): 25966ms
[INFO] [BaseLib] Adding custom save data to SerializableRun.
[INFO] [BaseLib] Added 0 new properties to SerializableRun
[INFO] [BaseLib] Adding custom save data to SerializableCard.
[INFO] [BaseLib] Added 1 new properties to SerializableCard
[INFO] [BaseLib] Adding custom save data to SerializablePlayer.
[INFO] [BaseLib] Added 0 new properties to SerializablePlayer
[INFO] [BaseLib] Adding custom save data to SerializablePotion.
[INFO] [BaseLib] Added 1 new properties to SerializablePotion
[INFO] [BaseLib] Adding custom save data to SerializableRelic.
[INFO] [BaseLib] Added 1 new properties to SerializableRelic
[INFO] [BaseLib] Adding custom save data to SerializableReward.
[INFO] [BaseLib] Added 0 new properties to SerializableReward
[WARN] Asset not cached: res://images/ui/top_panel/character_icon_defect.png
[INFO] [Startup] Time to main menu: 26,284ms
[INFO] [Startup] Resource stats (main menu loaded (essential)): StaticMem=0B, VRAM=2.6GB, Objects=10,808, Resources=1,698, Nodes=1,889, CachedAssets=15
[INFO] AtlasManager: Loaded epoch_atlas with 57 sprites
[INFO] AtlasManager: Loaded relic_atlas with 341 sprites
[INFO] AtlasManager: Loaded relic_outline_atlas with 341 sprites
[INFO] AtlasManager: Loaded power_atlas with 264 sprites
[INFO] AtlasManager: Loaded card_atlas with 875 sprites
[INFO] AtlasManager: Loaded potion_atlas with 63 sprites
[INFO] AtlasManager: Loaded potion_outline_atlas with 63 sprites
[INFO] AtlasManager: Loaded stats_screen_atlas with 16 sprites
[INFO] AtlasManager: Loaded intent_atlas with 310 sprites
[INFO] AtlasManager: Loaded era_atlas with 27 sprites
[INFO] [com.ritsukage.sts2-RitsuLib] [Compat] External framework presence refreshed (deferred initialization completed).
[INFO] [com.ritsukage.sts2-RitsuLib] [HealthBarForecast] BaseLib forecast registry uses the legacy render protocol; RitsuLib will import BaseLib segments and keep its own renderer active.
[INFO] [com.ritsukage.sts2-RitsuLib] [HealthBarGraft] BaseLib graft registry type not found.
[INFO] [com.ritsukage.sts2-RitsuLib] [MaxHandSize] BaseLib hand-size bridge postfix installed.
[INFO] [com.ritsukage.sts2-RitsuLib] [Patcher - framework core] Applying 15 dynamic patch(es)...
[INFO] [com.ritsukage.sts2-RitsuLib] [Patcher - framework core] Dynamic patch application complete: 15/15 succeeded
[INFO] [com.ritsukage.sts2-RitsuLib] [MaxHandSize] RitsuLib hand-size patch set installed (modern profile).
[INFO] Unloading 8 missed cache assets
[INFO] [com.ritsukage.sts2-RitsuLib] [Telemetry] Registered applicant 'com.ritsukage.sts2-RitsuLib' -> https://ritsulib-telemetry.ritsukage.com/v1/ingest (3 request(s)).
[INFO] [com.ritsukage.sts2-RitsuLib] 
=== RitsuLib Startup Audit: launch to main menu ===
  harmonyPatchAllTypeLoadGuard: 1.2 ms
  harmonyInitSetterCompat: 12.0 ms
  settingsStore: 465.8 ms
  debugLogViewer: 14.9 ms
  modSettingsBootstrap: 42.1 ms
  telemetryBootstrap: 1.9 ms
  mobileSteamRuntime: 0.0 ms
  imageResourceLoader: 4.5 ms
  godotNodeFactories: 2.7 ms
  modTypeDiscoveryBuiltIns: 0.8 ms
  secondaryResourceLocalization: 1.8 ms
  secondaryResourceCloneBridge: 1.3 ms
  frameworkBuiltIns: 0.2 ms (inclusive 11.2 ms)
  registerPatches: 66.2 ms
  patchAll.Core(401): 520.2 ms
  patchAll.SettingsUi(8): 12.8 ms
  patchAll.ContentAssets(116): 96.7 ms
  patchAll.CharacterAssets(52): 82.0 ms
  patchAll.ContentRegistry(26): 23.7 ms
  patchAll.Persistence(3): 2.0 ms
  patchAll.Unlocks(22): 23.2 ms
  patchAll: 1.4 ms (inclusive 761.9 ms)
  runtimeServices: 15.4 ms
  modTypeDiscovery.runOnce: 37.8 ms
  flushDeferredContentPacks: 1.2 ms
  modelDb.validateCollisions: 14.2 ms
  modelDb.injectDynamicModels: 2.8 ms
  modelDb.warmResolvedCaches: 2.8 ms
  modelDb.validateBaseLibDynamicEnums: 32.8 ms
  modelDb.warmResolvedCaches: 0.0 ms
  runtimeDetourCompatibilityScan: 5.1 ms
  ---
  RitsuLib exclusive self-time total: 1489.4 ms
[INFO] [com.ritsukage.sts2-RitsuLib] [UpdateCheck] RitsuLib external update check skipped: loaded from Steam Workshop.
[INFO] [com.ritsukage.sts2-RitsuLib] [SteamWorkshopUpdate] Auto check requested.
[INFO] [com.ritsukage.sts2-RitsuLib] [SteamWorkshopUpdate] Starting Auto check. SteamInitialized=True.
[INFO] [com.ritsukage.sts2-RitsuLib] [SteamWorkshopUpdate] Steamworks Workshop binding initialized.
[INFO] [com.ritsukage.sts2-RitsuLib] [SteamWorkshopUpdate] Scanning subscribed Workshop items. Reported=16, Returned=16.
[INFO] [com.ritsukage.sts2-RitsuLib] [ATA-IronClad-Settings-I18N] Loaded translations: language='zhs', fallback='eng', entries=18, local=18, fallbackEntries=0, sources=2 (local=1, fallback=1)
[INFO] [com.ritsukage.sts2-RitsuLib] [ATA-IronClad-Settings-I18N] Subscribed to locale change notifications
[INFO] [com.ritsukage.sts2-RitsuLib] [ATA-Silent-Settings-I18N] Loaded translations: language='zhs', fallback='eng', entries=22, local=22, fallbackEntries=0, sources=2 (local=1, fallback=1)
[INFO] [com.ritsukage.sts2-RitsuLib] [ATA-Silent-Settings-I18N] Subscribed to locale change notifications
[INFO] [com.ritsukage.sts2-RitsuLib] [Persistence] [runtime_reflection_spine_profile_auto] Using default values: File not found
[INFO] Preloading 'Common' assets... count=686 vfx=92
[INFO] [Startup] Resource stats (main menu loaded (complete)): StaticMem=0B, VRAM=2.8GB, Objects=10,593, Resources=1,696, Nodes=1,887, CachedAssets=5
[INFO] [com.ritsukage.sts2-RitsuLib] [SteamWorkshopUpdate] Refreshed Workshop details for 16/16 subscribed item(s).
[INFO] [com.ritsukage.sts2-RitsuLib] [SteamWorkshopUpdate] Using Workshop update scope 'steam:production:host:v0.107.1' (production).
[INFO] [com.ritsukage.sts2-RitsuLib] [SteamWorkshopUpdate] Workshop item 3747679239 needs update. State=5, LocalTimestamp=1783263758, RemoteUpdated=1783337727.
[INFO] [com.ritsukage.sts2-RitsuLib] [SteamWorkshopUpdate] Triggered Steam Workshop update for item 3747679239.
[INFO] [com.ritsukage.sts2-RitsuLib] [SteamWorkshopUpdate] Scan complete. Scope=steam:production:host:v0.107.1, Inspected=16, NeedsUpdate=1, Triggered=1, AlreadyQueued=0, Failed=0.
[INFO] [com.ritsukage.sts2-RitsuLib] [SteamWorkshopUpdate] Auto check result: Available=True, Inspected=16, NeedsUpdate=1, Triggered=1, AlreadyQueued=0, Failed=0, Error=<none>.
[INFO] [com.ritsukage.sts2-RitsuLib] [SteamWorkshopUpdate] Auto update check detected Workshop item updates and asked Steam to queue downloads. NeedsUpdate=1, Triggered=1, AlreadyQueued=0.
[INFO] Abandoning run from main menu
[INFO] Player already has Epoch: NEOW_EPOCH
[INFO] Player already has Epoch: OROBAS_EPOCH
[INFO] Wrote 80540 bytes to path=user://steam/76561198995205184/modded/profile2\saves\progress.save save_dir=user://steam/76561198995205184
[INFO] Wrote 80540 bytes to modded/profile2/saves/progress.save in steam remote store
[INFO] Wrote 6549 bytes to path=user://steam/76561198995205184/modded/profile2\saves\history\1783842960.run save_dir=user://steam/76561198995205184
[INFO] Wrote 6549 bytes to modded/profile2/saves/history/1783842960.run in steam remote store
[INFO] Saved run history: 1783842960.run
[INFO] Created Run History entry!
[WARN] Asset not cached: res://scenes/screens/singleplayer_submenu.tscn
[INFO] [com.ritsukage.sts2-RitsuLib] [Sidecar] Session unbound epoch=1
[INFO] Max ascension changed to 0
[INFO] Max ascension changed to 10
[INFO] [StartRunLobby (1)] CHARACTER.IRONCLAD ascension set to preferred: 10
[INFO] Max ascension changed to 10
[INFO] [StartRunLobby (1)] CHARACTER.DEFECT ascension set to preferred: 10
[INFO] [StartRunLobby (1)] Local player 1 is ready
[INFO] Embarking on a singleplayer DEFECT run. Ascension: 10 Seed: TGNZ22P5SJ
[INFO] Preloading 'Common' Complete: assets=778 time_elapsed=4,323ms
[INFO] [ShopEnhancement] Registered GiftItemMessage and SyncConfigMessage handler.
[INFO] Preloading 'characters=DEFECT' assets... count=167 vfx=6
[INFO] Preloading 'characters=DEFECT' Complete: assets=173 time_elapsed=317ms
[INFO] Preloading 'Act=UNDERDOCKS' assets... count=8 vfx=0
[INFO] Preloading 'Act=UNDERDOCKS' Complete: assets=8 time_elapsed=40ms
[InfiniteUpgrade] RunStarted — seed=TGNZ22P5SJ
[INFO] InfiniteUpgrade: no file for seed=TGNZ22P5SJ, defaulting to 5.
[InfiniteUpgrade] Points = 5
[INFO] [MoreEnchantments] Granted Enchanter's Table at run start.
[INFO] [sts2.piyixiajiuhenfen.modconfig] Mods tab injected into settings screen!
[WARN] Asset not cached: res://themes/settings_screen_line_header.tres
[WARN] Asset not cached: res://images/ui/reward_screen/reward_skip_button.png
[WARN] Asset not cached: res://scenes/ui/selection_reticle.tscn
[INFO] Preloading 'Act=UNDERDOCKS' assets... count=0 vfx=0
[INFO] Preloading 'Act=UNDERDOCKS' Complete: assets=0 time_elapsed=17ms
[INFO] Wrote 80540 bytes to path=user://steam/76561198995205184/modded/profile2\saves\progress.save save_dir=user://steam/76561198995205184
[INFO] Wrote 80540 bytes to modded/profile2/saves/progress.save in steam remote store
[INFO] Wrote 47398 bytes to path=user://steam/76561198995205184/modded/profile2\saves\current_run.save save_dir=user://steam/76561198995205184
[INFO] Wrote 47398 bytes to modded/profile2/saves/current_run.save in steam remote store
[INFO] Unloading 4 missed cache assets
[INFO] Preloading 'Event Room' assets... count=2 vfx=0
[INFO] Preloading 'Event Room' Complete: assets=2 time_elapsed=276ms
[INFO] [com.ritsukage.sts2-RitsuLib] [SteamWorkshopUpdate] Download monitor completed without observed Steam download activity or local install timestamp changes.
[INFO] [BaseLib] Checking for additional interactions with NEOW
[WARN] Asset not cached: res://scenes/events/ancient_dialogue_line.tscn
[InfiniteUpgrade] Clicked: 点数+999
[InfiniteUpgrade] +999 points → 1004
[InfiniteUpgrade] Clicked: 点数+999
[InfiniteUpgrade] +999 points → 2003
[InfiniteUpgrade] Clicked: 覆甲+1
[InfiniteUpgrade] Clicked: 荆棘+1
[InfiniteUpgrade] Clicked: 人工制品+1
[InfiniteUpgrade] Clicked: 力量+1
[InfiniteUpgrade] Clicked: 敏捷+1
[InfiniteUpgrade] Clicked: 集中+1
[WARN] Asset not cached: res://images/relics/whetstone.png
[INFO] Player 1 obtained RELIC.WHETSTONE from relic reward
[INFO] Wrote 80540 bytes to path=user://steam/76561198995205184/modded/profile2\saves\progress.save save_dir=user://steam/76561198995205184
[INFO] Wrote 80540 bytes to modded/profile2/saves/progress.save in steam remote store
[INFO] [sts2.piyixiajiuhenfen.speedx] [AutoProceed] schedule Neow.Proceed
[INFO] Wrote 50137 bytes to path=user://steam/76561198995205184/modded/profile2\saves\current_run.save save_dir=user://steam/76561198995205184
[INFO] Wrote 50137 bytes to modded/profile2/saves/current_run.save in steam remote store
[INFO] [sts2.piyixiajiuhenfen.speedx] [AutoProceed] Neow.Proceed state=Ready
[INFO] [sts2.piyixiajiuhenfen.speedx] [AutoProceed] Neow.Proceed fire
[INFO] Player vote changed for 1: ->MapVote (gen: 1 coord: (6, 1))
[INFO] Wrote 80540 bytes to path=user://steam/76561198995205184/modded/profile2\saves\progress.save save_dir=user://steam/76561198995205184
[INFO] Wrote 80540 bytes to modded/profile2/saves/progress.save in steam remote store
[INFO] Wrote 49980 bytes to path=user://steam/76561198995205184/modded/profile2\saves\current_run.save save_dir=user://steam/76561198995205184
[INFO] Wrote 49980 bytes to modded/profile2/saves/current_run.save in steam remote store
[INFO] Unloading 2 missed cache assets
[INFO] Preloading 'Combat Room' assets... count=10 vfx=0
[INFO] Preloading 'Combat Room' Complete: assets=10 time_elapsed=100ms
[INFO] Creating NCombatRoom with mode=ActiveCombat encounter=SEAPUNK_WEAK.
[InfiniteUpgrade] PowerCmd.Apply(PowerModel,...) not found
[INFO] InfiniteUpgrade: SAVED 1923 pts → seed=TGNZ22P5SJ
[InfiniteUpgrade] Checkpoint SAVED (combat start) — pts=1923
[INFO] [MultiEnchantmentMod] [MultiEnchantment] PengoTarot.Enchantments.TarChariotReversedEnchantment hasn't declared a stack behavior, so it's treated as one-per-card (DisallowDuplicate) — the safe default, and usually exactly what's wanted.
[INFO] [MultiEnchantmentMod] [MultiEnchantment] PengoTarot.Enchantments.TarChariotUprightEnchantment hasn't declared a stack behavior, so it's treated as one-per-card (DisallowDuplicate) — the safe default, and usually exactly what's wanted.
[INFO] [MultiEnchantmentMod] [MultiEnchantment] PengoTarot.Enchantments.TarDeathReversedEnchantment hasn't declared a stack behavior, so it's treated as one-per-card (DisallowDuplicate) — the safe default, and usually exactly what's wanted.
[INFO] [MultiEnchantmentMod] [MultiEnchantment] PengoTarot.Enchantments.TarDeathUprightEnchantment hasn't declared a stack behavior, so it's treated as one-per-card (DisallowDuplicate) — the safe default, and usually exactly what's wanted.
[INFO] [MultiEnchantmentMod] [MultiEnchantment] PengoTarot.Enchantments.TarDevilReversedEnchantment hasn't declared a stack behavior, so it's treated as one-per-card (DisallowDuplicate) — the safe default, and usually exactly what's wanted.
[INFO] [MultiEnchantmentMod] [MultiEnchantment] PengoTarot.Enchantments.TarDevilReversedSubEnchantment hasn't declared a stack behavior, so it's treated as one-per-card (DisallowDuplicate) — the safe default, and usually exactly what's wanted.
[INFO] [MultiEnchantmentMod] [MultiEnchantment] PengoTarot.Enchantments.TarDevilUprightEnchantment hasn't declared a stack behavior, so it's treated as one-per-card (DisallowDuplicate) — the safe default, and usually exactly what's wanted.
[INFO] [MultiEnchantmentMod] [MultiEnchantment] PengoTarot.Enchantments.TarDevilUprightSubEnchantment hasn't declared a stack behavior, so it's treated as one-per-card (DisallowDuplicate) — the safe default, and usually exactly what's wanted.
[INFO] [MultiEnchantmentMod] [MultiEnchantment] PengoTarot.Enchantments.TarEmperorReversedEnchantment hasn't declared a stack behavior, so it's treated as one-per-card (DisallowDuplicate) — the safe default, and usually exactly what's wanted.
[INFO] [MultiEnchantmentMod] [MultiEnchantment] PengoTarot.Enchantments.TarEmperorUprightEnchantment hasn't declared a stack behavior, so it's treated as one-per-card (DisallowDuplicate) — the safe default, and usually exactly what's wanted.
[INFO] [MultiEnchantmentMod] [MultiEnchantment] PengoTarot.Enchantments.TarEmpressReversedEnchantment hasn't declared a stack behavior, so it's treated as one-per-card (DisallowDuplicate) — the safe default, and usually exactly what's wanted.
[INFO] [MultiEnchantmentMod] [MultiEnchantment] PengoTarot.Enchantments.TarEmpressUprightEnchantment hasn't declared a stack behavior, so it's treated as one-per-card (DisallowDuplicate) — the safe default, and usually exactly what's wanted.
[INFO] [MultiEnchantmentMod] [MultiEnchantment] PengoTarot.Enchantments.TarFoolReversedEnchantment hasn't declared a stack behavior, so it's treated as one-per-card (DisallowDuplicate) — the safe default, and usually exactly what's wanted.
[INFO] [MultiEnchantmentMod] [MultiEnchantment] PengoTarot.Enchantments.TarFoolUprightEnchantment hasn't declared a stack behavior, so it's treated as one-per-card (DisallowDuplicate) — the safe default, and usually exactly what's wanted.
[INFO] [MultiEnchantmentMod] [MultiEnchantment] PengoTarot.Enchantments.TarHangedManReversedEnchantment hasn't declared a stack behavior, so it's treated as one-per-card (DisallowDuplicate) — the safe default, and usually exactly what's wanted.
[INFO] [MultiEnchantmentMod] [MultiEnchantment] PengoTarot.Enchantments.TarHangedManUprightEnchantment hasn't declared a stack behavior, so it's treated as one-per-card (DisallowDuplicate) — the safe default, and usually exactly what's wanted.
[INFO] [MultiEnchantmentMod] [MultiEnchantment] PengoTarot.Enchantments.TarHermitReversedEnchantment hasn't declared a stack behavior, so it's treated as one-per-card (DisallowDuplicate) — the safe default, and usually exactly what's wanted.
[INFO] [MultiEnchantmentMod] [MultiEnchantment] PengoTarot.Enchantments.TarHermitUprightEnchantment hasn't declared a stack behavior, so it's treated as one-per-card (DisallowDuplicate) — the safe default, and usually exactly what's wanted.
[INFO] [MultiEnchantmentMod] [MultiEnchantment] PengoTarot.Enchantments.TarHierophantReversedEnchantment hasn't declared a stack behavior, so it's treated as one-per-card (DisallowDuplicate) — the safe default, and usually exactly what's wanted.
[INFO] [MultiEnchantmentMod] [MultiEnchantment] PengoTarot.Enchantments.TarHierophantUprightEnchantment hasn't declared a stack behavior, so it's treated as one-per-card (DisallowDuplicate) — the safe default, and usually exactly what's wanted.
[INFO] [MultiEnchantmentMod] [MultiEnchantment] PengoTarot.Enchantments.TarHighPriestessReversedEnchantment hasn't declared a stack behavior, so it's treated as one-per-card (DisallowDuplicate) — the safe default, and usually exactly what's wanted.
[INFO] [MultiEnchantmentMod] [MultiEnchantment] PengoTarot.Enchantments.TarHighPriestessUprightEnchantment hasn't declared a stack behavior, so it's treated as one-per-card (DisallowDuplicate) — the safe default, and usually exactly what's wanted.
[INFO] [MultiEnchantmentMod] [MultiEnchantment] PengoTarot.Enchantments.TarJudgementReversedEnchantment hasn't declared a stack behavior, so it's treated as one-per-card (DisallowDuplicate) — the safe default, and usually exactly what's wanted.
[INFO] [MultiEnchantmentMod] [MultiEnchantment] PengoTarot.Enchantments.TarJudgementUprightEnchantment hasn't declared a stack behavior, so it's treated as one-per-card (DisallowDuplicate) — the safe default, and usually exactly what's wanted.
[INFO] [MultiEnchantmentMod] [MultiEnchantment] PengoTarot.Enchantments.TarJusticeReversedEnchantment hasn't declared a stack behavior, so it's treated as one-per-card (DisallowDuplicate) — the safe default, and usually exactly what's wanted.
[INFO] [MultiEnchantmentMod] [MultiEnchantment] PengoTarot.Enchantments.TarJusticeUprightEnchantment overrides EnchantDamage*/EnchantBlock*, so its same-type applications stack their amount together (MergeAmount).
[INFO] [MultiEnchantmentMod] [MultiEnchantment] PengoTarot.Enchantments.TarLoversReversedEnchantment hasn't declared a stack behavior, so it's treated as one-per-card (DisallowDuplicate) — the safe default, and usually exactly what's wanted.
[INFO] [MultiEnchantmentMod] [MultiEnchantment] PengoTarot.Enchantments.TarLoversUprightEnchantment hasn't declared a stack behavior, so it's treated as one-per-card (DisallowDuplicate) — the safe default, and usually exactly what's wanted.
[INFO] [MultiEnchantmentMod] [MultiEnchantment] PengoTarot.Enchantments.TarMagicianReversedEnchantment hasn't declared a stack behavior, so it's treated as one-per-card (DisallowDuplicate) — the safe default, and usually exactly what's wanted.
[INFO] [MultiEnchantmentMod] [MultiEnchantment] PengoTarot.Enchantments.TarMagicianUprightEnchantment hasn't declared a stack behavior, so it's treated as one-per-card (DisallowDuplicate) — the safe default, and usually exactly what's wanted.
[INFO] [MultiEnchantmentMod] [MultiEnchantment] PengoTarot.Enchantments.TarMoonReversedEnchantment hasn't declared a stack behavior, so it's treated as one-per-card (DisallowDuplicate) — the safe default, and usually exactly what's wanted.
[INFO] [MultiEnchantmentMod] [MultiEnchantment] PengoTarot.Enchantments.TarMoonReversedSubEnchantment hasn't declared a stack behavior, so it's treated as one-per-card (DisallowDuplicate) — the safe default, and usually exactly what's wanted.
[INFO] [MultiEnchantmentMod] [MultiEnchantment] PengoTarot.Enchantments.TarMoonUprightEnchantment hasn't declared a stack behavior, so it's treated as one-per-card (DisallowDuplicate) — the safe default, and usually exactly what's wanted.
[INFO] [MultiEnchantmentMod] [MultiEnchantment] PengoTarot.Enchantments.TarMoonUprightSubEnchantment hasn't declared a stack behavior, so it's treated as one-per-card (DisallowDuplicate) — the safe default, and usually exactly what's wanted.
[INFO] [MultiEnchantmentMod] [MultiEnchantment] PengoTarot.Enchantments.TarStarReversedEnchantment hasn't declared a stack behavior, so it's treated as one-per-card (DisallowDuplicate) — the safe default, and usually exactly what's wanted.
[INFO] [MultiEnchantmentMod] [MultiEnchantment] PengoTarot.Enchantments.TarStarReversedSubEnchantment hasn't declared a stack behavior, so it's treated as one-per-card (DisallowDuplicate) — the safe default, and usually exactly what's wanted.
[INFO] [MultiEnchantmentMod] [MultiEnchantment] PengoTarot.Enchantments.TarStarUprightEnchantment hasn't declared a stack behavior, so it's treated as one-per-card (DisallowDuplicate) — the safe default, and usually exactly what's wanted.
[INFO] [MultiEnchantmentMod] [MultiEnchantment] PengoTarot.Enchantments.TarStarUprightSubEnchantment hasn't declared a stack behavior, so it's treated as one-per-card (DisallowDuplicate) — the safe default, and usually exactly what's wanted.
[INFO] [MultiEnchantmentMod] [MultiEnchantment] PengoTarot.Enchantments.TarStrengthReversedEnchantment hasn't declared a stack behavior, so it's treated as one-per-card (DisallowDuplicate) — the safe default, and usually exactly what's wanted.
[INFO] [MultiEnchantmentMod] [MultiEnchantment] PengoTarot.Enchantments.TarStrengthUprightEnchantment hasn't declared a stack behavior, so it's treated as one-per-card (DisallowDuplicate) — the safe default, and usually exactly what's wanted.
[INFO] [MultiEnchantmentMod] [MultiEnchantment] PengoTarot.Enchantments.TarSunReversedEnchantment hasn't declared a stack behavior, so it's treated as one-per-card (DisallowDuplicate) — the safe default, and usually exactly what's wanted.
[INFO] [MultiEnchantmentMod] [MultiEnchantment] PengoTarot.Enchantments.TarSunReversedSubEnchantment hasn't declared a stack behavior, so it's treated as one-per-card (DisallowDuplicate) — the safe default, and usually exactly what's wanted.
[INFO] [MultiEnchantmentMod] [MultiEnchantment] PengoTarot.Enchantments.TarSunUprightEnchantment hasn't declared a stack behavior, so it's treated as one-per-card (DisallowDuplicate) — the safe default, and usually exactly what's wanted.
[INFO] [MultiEnchantmentMod] [MultiEnchantment] PengoTarot.Enchantments.TarSunUprightSubEnchantment hasn't declared a stack behavior, so it's treated as one-per-card (DisallowDuplicate) — the safe default, and usually exactly what's wanted.
[INFO] [MultiEnchantmentMod] [MultiEnchantment] PengoTarot.Enchantments.TarTemperanceReversedEnchantment hasn't declared a stack behavior, so it's treated as one-per-card (DisallowDuplicate) — the safe default, and usually exactly what's wanted.
[INFO] [MultiEnchantmentMod] [MultiEnchantment] PengoTarot.Enchantments.TarTemperanceUprightEnchantment hasn't declared a stack behavior, so it's treated as one-per-card (DisallowDuplicate) — the safe default, and usually exactly what's wanted.
[INFO] [MultiEnchantmentMod] [MultiEnchantment] PengoTarot.Enchantments.TarWorldReversedEnchantment hasn't declared a stack behavior, so it's treated as one-per-card (DisallowDuplicate) — the safe default, and usually exactly what's wanted.
[INFO] [MultiEnchantmentMod] [MultiEnchantment] PengoTarot.Enchantments.TarWorldReversedSubEnchantment hasn't declared a stack behavior, so it's treated as one-per-card (DisallowDuplicate) — the safe default, and usually exactly what's wanted.
[INFO] [MultiEnchantmentMod] [MultiEnchantment] PengoTarot.Enchantments.TarWorldUprightEnchantment hasn't declared a stack behavior, so it's treated as one-per-card (DisallowDuplicate) — the safe default, and usually exactly what's wanted.
[INFO] [MultiEnchantmentMod] [MultiEnchantment] PengoTarot.Enchantments.TarWorldUprightSubEnchantment hasn't declared a stack behavior, so it's treated as one-per-card (DisallowDuplicate) — the safe default, and usually exactly what's wanted.
[INFO] [MultiEnchantmentMod] [MultiEnchantment] MoreEnchantmentsMod.FirstStrike overrides EnchantDamage*/EnchantBlock*, so its same-type applications stack their amount together (MergeAmount).
[INFO] [MultiEnchantmentMod] [MultiEnchantment] MoreEnchantmentsMod.LastStand hasn't declared a stack behavior, so it's treated as one-per-card (DisallowDuplicate) — the safe default, and usually exactly what's wanted.
[INFO] [MultiEnchantmentMod] [MultiEnchantment] MoreEnchantmentsMod.Poised declares saved properties; defaulting to DisallowDuplicate so the source mod owns its Amount semantics.
[INFO] [MultiEnchantmentMod] [MultiEnchantment] MoreEnchantmentsMod.CleanCut hasn't declared a stack behavior, so it's treated as one-per-card (DisallowDuplicate) — the safe default, and usually exactly what's wanted.
[INFO] [MultiEnchantmentMod] [MultiEnchantment] MoreEnchantmentsMod.Quickstep declares saved properties; defaulting to DisallowDuplicate so the source mod owns its Amount semantics.
[INFO] [MultiEnchantmentMod] [MultiEnchantment] MoreEnchantmentsMod.BloodEdge overrides EnchantDamage*/EnchantBlock*, so its same-type applications stack their amount together (MergeAmount).
[INFO] [MultiEnchantmentMod] [MultiEnchantment] MoreEnchantmentsMod.SteadyBreath declares saved properties; defaulting to DisallowDuplicate so the source mod owns its Amount semantics.
[INFO] [MultiEnchantmentMod] [MultiEnchantment] MoreEnchantmentsMod.DustMark hasn't declared a stack behavior, so it's treated as one-per-card (DisallowDuplicate) — the safe default, and usually exactly what's wanted.
[INFO] [MultiEnchantmentMod] [MultiEnchantment] MoreEnchantmentsMod.Cooling declares saved properties; defaulting to DisallowDuplicate so the source mod owns its Amount semantics.
[INFO] [MultiEnchantmentMod] [MultiEnchantment] MoreEnchantmentsMod.Overdraw hasn't declared a stack behavior, so it's treated as one-per-card (DisallowDuplicate) — the safe default, and usually exactly what's wanted.
[INFO] [MultiEnchantmentMod] [MultiEnchantment] MoreEnchantmentsMod.Counterseal hasn't declared a stack behavior, so it's treated as one-per-card (DisallowDuplicate) — the safe default, and usually exactly what's wanted.
[INFO] [MultiEnchantmentMod] [MultiEnchantment] MoreEnchantmentsMod.HollowReserve hasn't declared a stack behavior, so it's treated as one-per-card (DisallowDuplicate) — the safe default, and usually exactly what's wanted.
[INFO] [MultiEnchantmentMod] [MultiEnchantment] MoreEnchantmentsMod.MoreEnchantMomentum overrides EnchantDamage*/EnchantBlock*, so its same-type applications stack their amount together (MergeAmount).
[INFO] [MultiEnchantmentMod] [MultiEnchantment] MoreEnchantmentsMod.EyeOfStorm hasn't declared a stack behavior, so it's treated as one-per-card (DisallowDuplicate) — the safe default, and usually exactly what's wanted.
[INFO] [MultiEnchantmentMod] [MultiEnchantment] MoreEnchantmentsMod.Gravity hasn't declared a stack behavior, so it's treated as one-per-card (DisallowDuplicate) — the safe default, and usually exactly what's wanted.
[INFO] [MultiEnchantmentMod] [MultiEnchantment] MoreEnchantmentsMod.Afterimage hasn't declared a stack behavior, so it's treated as one-per-card (DisallowDuplicate) — the safe default, and usually exactly what's wanted.
[INFO] [MultiEnchantmentMod] [MultiEnchantment] MoreEnchantmentsMod.Spiral declares saved properties; defaulting to DisallowDuplicate so the source mod owns its Amount semantics.
[INFO] [MultiEnchantmentMod] [MultiEnchantment] MoreEnchantmentsMod.Twincast hasn't declared a stack behavior, so it's treated as one-per-card (DisallowDuplicate) — the safe default, and usually exactly what's wanted.
[INFO] [MultiEnchantmentMod] [MultiEnchantment] MoreEnchantmentsMod.Dreaming hasn't declared a stack behavior, so it's treated as one-per-card (DisallowDuplicate) — the safe default, and usually exactly what's wanted.
[INFO] [MultiEnchantmentMod] [MultiEnchantment] MoreEnchantmentsMod.StaticField hasn't declared a stack behavior, so it's treated as one-per-card (DisallowDuplicate) — the safe default, and usually exactly what's wanted.
[INFO] [MultiEnchantmentMod] [MultiEnchantment] MoreEnchantmentsMod.IronWill hasn't declared a stack behavior, so it's treated as one-per-card (DisallowDuplicate) — the safe default, and usually exactly what's wanted.
[INFO] [MultiEnchantmentMod] [MultiEnchantment] MoreEnchantmentsMod.Rehearsal declares saved properties; defaulting to DisallowDuplicate so the source mod owns its Amount semantics.
[INFO] [MultiEnchantmentMod] [MultiEnchantment] MoreEnchantmentsMod.Warding hasn't declared a stack behavior, so it's treated as one-per-card (DisallowDuplicate) — the safe default, and usually exactly what's wanted.
[INFO] [MultiEnchantmentMod] [MultiEnchantment] MoreEnchantmentsMod.Eclipse hasn't declared a stack behavior, so it's treated as one-per-card (DisallowDuplicate) — the safe default, and usually exactly what's wanted.
[INFO] [MultiEnchantmentMod] [MultiEnchantment] MoreEnchantmentsMod.FateThread hasn't declared a stack behavior, so it's treated as one-per-card (DisallowDuplicate) — the safe default, and usually exactly what's wanted.
[INFO] [MultiEnchantmentMod] [MultiEnchantment] MoreEnchantmentsMod.MirrorSkin hasn't declared a stack behavior, so it's treated as one-per-card (DisallowDuplicate) — the safe default, and usually exactly what's wanted.
[INFO] [MultiEnchantmentMod] [MultiEnchantment] MoreEnchantmentsMod.BlackLotus hasn't declared a stack behavior, so it's treated as one-per-card (DisallowDuplicate) — the safe default, and usually exactly what's wanted.
[INFO] [MultiEnchantmentMod] [MultiEnchantment] MoreEnchantmentsMod.Thunderclap hasn't declared a stack behavior, so it's treated as one-per-card (DisallowDuplicate) — the safe default, and usually exactly what's wanted.
[INFO] [MultiEnchantmentMod] [MultiEnchantment] MoreEnchantmentsMod.SilverTongue declares saved properties; defaulting to DisallowDuplicate so the source mod owns its Amount semantics.
[INFO] [MultiEnchantmentMod] [MultiEnchantment] MoreEnchantmentsMod.PhantomCopy hasn't declared a stack behavior, so it's treated as one-per-card (DisallowDuplicate) — the safe default, and usually exactly what's wanted.
[INFO] [MultiEnchantmentMod] [MultiEnchantment] MoreEnchantmentsMod.SealedBlade declares saved properties; defaulting to DisallowDuplicate so the source mod owns its Amount semantics.
[INFO] [MultiEnchantmentMod] [MultiEnchantment] MoreEnchantmentsMod.DebtCollector declares saved properties; defaulting to DisallowDuplicate so the source mod owns its Amount semantics.
[INFO] [MultiEnchantmentMod] [MultiEnchantment] MoreEnchantmentsMod.Rooted declares saved properties; defaulting to DisallowDuplicate so the source mod owns its Amount semantics.
[INFO] [MultiEnchantmentMod] [MultiEnchantment] MoreEnchantmentsMod.SacredGeometry overrides EnchantDamage*/EnchantBlock*, so its same-type applications stack their amount together (MergeAmount).
[INFO] [MultiEnchantmentMod] [MultiEnchantment] MoreEnchantmentsMod.Comet hasn't declared a stack behavior, so it's treated as one-per-card (DisallowDuplicate) — the safe default, and usually exactly what's wanted.
[INFO] [MultiEnchantmentMod] [MultiEnchantment] MoreEnchantmentsMod.DarkOffering declares saved properties; defaulting to DisallowDuplicate so the source mod owns its Amount semantics.
[INFO] [MultiEnchantmentMod] [MultiEnchantment] MoreEnchantmentsMod.DoomClock declares saved properties; defaulting to DisallowDuplicate so the source mod owns its Amount semantics.
[INFO] [MultiEnchantmentMod] [MultiEnchantment] MoreEnchantmentsMod.StarvingCrown declares saved properties; defaulting to DisallowDuplicate so the source mod owns its Amount semantics.
[INFO] [MultiEnchantmentMod] [MultiEnchantment] MoreEnchantmentsMod.EndlessMaw declares saved properties; defaulting to DisallowDuplicate so the source mod owns its Amount semantics.
[INFO] [MultiEnchantmentMod] [MultiEnchantment] MoreEnchantmentsMod.GeneEcho declares saved properties; defaulting to DisallowDuplicate so the source mod owns its Amount semantics.
[INFO] [MultiEnchantmentMod] [MultiEnchantment] MoreEnchantmentsMod.AncestralMark hasn't declared a stack behavior, so it's treated as one-per-card (DisallowDuplicate) — the safe default, and usually exactly what's wanted.
[INFO] [MultiEnchantmentMod] [MultiEnchantment] MoreEnchantmentsMod.BloodlineMemory declares saved properties; defaulting to DisallowDuplicate so the source mod owns its Amount semantics.
[INFO] [MultiEnchantmentMod] [MultiEnchantment] MoreEnchantmentsMod.ExtraEnchantCarrier declares saved properties; defaulting to DisallowDuplicate so the source mod owns its Amount semantics.
[INFO] [MultiEnchantmentMod] [MultiEnchantment] MoreEnchantmentsMod.ReboundToDrawTop hasn't declared a stack behavior, so it's treated as one-per-card (DisallowDuplicate) — the safe default, and usually exactly what's wanted.
[INFO] [MultiEnchantmentMod] [MultiEnchantment] MoreEnchantmentsMod.ReturnToHand declares saved properties; defaulting to DisallowDuplicate so the source mod owns its Amount semantics.
[INFO] [MultiEnchantmentMod] [MultiEnchantment] MoreEnchantmentsMod.EchoingDiscount declares saved properties; defaulting to DisallowDuplicate so the source mod owns its Amount semantics.
[INFO] [MultiEnchantmentMod] [MultiEnchantment] MoreEnchantmentsMod.Spark overrides EnchantDamage*/EnchantBlock*, so its same-type applications stack their amount together (MergeAmount).
[INFO] [MultiEnchantmentMod] [MultiEnchantment] MoreEnchantmentsMod.Guarded hasn't declared a stack behavior, so it's treated as one-per-card (DisallowDuplicate) — the safe default, and usually exactly what's wanted.
[INFO] [MultiEnchantmentMod] [MultiEnchantment] MoreEnchantmentsMod.Forked hasn't declared a stack behavior, so it's treated as one-per-card (DisallowDuplicate) — the safe default, and usually exactly what's wanted.
[INFO] [MultiEnchantmentMod] [MultiEnchantment] MoreEnchantmentsMod.SecondWind hasn't declared a stack behavior, so it's treated as one-per-card (DisallowDuplicate) — the safe default, and usually exactly what's wanted.
[INFO] [MultiEnchantmentMod] [MultiEnchantment] MoreEnchantmentsMod.Tempered overrides EnchantDamage*/EnchantBlock*, so its same-type applications stack their amount together (MergeAmount).
[INFO] [MultiEnchantmentMod] [MultiEnchantment] MoreEnchantmentsMod.Aegis hasn't declared a stack behavior, so it's treated as one-per-card (DisallowDuplicate) — the safe default, and usually exactly what's wanted.
[INFO] [MultiEnchantmentMod] [MultiEnchantment] MoreEnchantmentsMod.Lightweight declares saved properties; defaulting to DisallowDuplicate so the source mod owns its Amount semantics.
[INFO] [MultiEnchantmentMod] [MultiEnchantment] MoreEnchantmentsMod.Ripple hasn't declared a stack behavior, so it's treated as one-per-card (DisallowDuplicate) — the safe default, and usually exactly what's wanted.
[INFO] [MultiEnchantmentMod] [MultiEnchantment] MoreEnchantmentsMod.Fortress hasn't declared a stack behavior, so it's treated as one-per-card (DisallowDuplicate) — the safe default, and usually exactly what's wanted.
[INFO] [MultiEnchantmentMod] [MultiEnchantment] MoreEnchantmentsMod.Despondent hasn't declared a stack behavior, so it's treated as one-per-card (DisallowDuplicate) — the safe default, and usually exactly what's wanted.
[INFO] [MultiEnchantmentMod] [MultiEnchantment] MoreEnchantmentsMod.Terrifying hasn't declared a stack behavior, so it's treated as one-per-card (DisallowDuplicate) — the safe default, and usually exactly what's wanted.
[INFO] [MultiEnchantmentMod] [MultiEnchantment] MoreEnchantmentsMod.Poisoned hasn't declared a stack behavior, so it's treated as one-per-card (DisallowDuplicate) — the safe default, and usually exactly what's wanted.
[INFO] [MultiEnchantmentMod] [MultiEnchantment] MoreEnchantmentsMod.Vampiric hasn't declared a stack behavior, so it's treated as one-per-card (DisallowDuplicate) — the safe default, and usually exactly what's wanted.
[INFO] [MultiEnchantmentMod] [MultiEnchantment] MoreEnchantmentsMod.Crescendo declares saved properties; defaulting to DisallowDuplicate so the source mod owns its Amount semantics.
[INFO] [MultiEnchantmentMod] [MultiEnchantment] MoreEnchantmentsMod.Bulwark hasn't declared a stack behavior, so it's treated as one-per-card (DisallowDuplicate) — the safe default, and usually exactly what's wanted.
[INFO] [MultiEnchantmentMod] [MultiEnchantment] MoreEnchantmentsMod.Energized hasn't declared a stack behavior, so it's treated as one-per-card (DisallowDuplicate) — the safe default, and usually exactly what's wanted.
[INFO] [MultiEnchantmentMod] [MultiEnchantment] MoreEnchantmentsMod.Memory declares saved properties; defaulting to DisallowDuplicate so the source mod owns its Amount semantics.
[INFO] [MultiEnchantmentMod] [MultiEnchantment] MoreEnchantmentsMod.Oblivion hasn't declared a stack behavior, so it's treated as one-per-card (DisallowDuplicate) — the safe default, and usually exactly what's wanted.
[INFO] [MultiEnchantmentMod] [MultiEnchantment] MoreEnchantmentsMod.Planned hasn't declared a stack behavior, so it's treated as one-per-card (DisallowDuplicate) — the safe default, and usually exactly what's wanted.
[INFO] [MultiEnchantmentMod] [MultiEnchantment] MoreEnchantmentsMod.Prismatic overrides EnchantDamage*/EnchantBlock*, so its same-type applications stack their amount together (MergeAmount).
[INFO] [MultiEnchantmentMod] [MultiEnchantment] MoreEnchantmentsMod.Soulbound hasn't declared a stack behavior, so it's treated as one-per-card (DisallowDuplicate) — the safe default, and usually exactly what's wanted.
[INFO] [MultiEnchantmentMod] [MultiEnchantment] MoreEnchantmentsMod.Catalyst hasn't declared a stack behavior, so it's treated as one-per-card (DisallowDuplicate) — the safe default, and usually exactly what's wanted.
[INFO] [MultiEnchantmentMod] [MultiEnchantment] MoreEnchantmentsMod.ShimmerMirror hasn't declared a stack behavior, so it's treated as one-per-card (DisallowDuplicate) — the safe default, and usually exactly what's wanted.
[INFO] [MultiEnchantmentMod] [MultiEnchantment] MoreEnchantmentsMod.Tumbler declares saved properties; defaulting to DisallowDuplicate so the source mod owns its Amount semantics.
[INFO] [MultiEnchantmentMod] [MultiEnchantment] MoreEnchantmentsMod.Rainbow hasn't declared a stack behavior, so it's treated as one-per-card (DisallowDuplicate) — the safe default, and usually exactly what's wanted.
[INFO] [MultiEnchantmentMod] [MultiEnchantment] MoreEnchantmentsMod.BloodPact overrides EnchantDamage*/EnchantBlock*, so its same-type applications stack their amount together (MergeAmount).
[INFO] [MultiEnchantmentMod] [MultiEnchantment] MoreEnchantmentsMod.SoulDrain hasn't declared a stack behavior, so it's treated as one-per-card (DisallowDuplicate) — the safe default, and usually exactly what's wanted.
[INFO] [MultiEnchantmentMod] [MultiEnchantment] MoreEnchantmentsMod.CursedMight overrides EnchantDamage*/EnchantBlock*, so its same-type applications stack their amount together (MergeAmount).
[INFO] [MultiEnchantmentMod] [MultiEnchantment] MoreEnchantmentsMod.AbyssalEcho hasn't declared a stack behavior, so it's treated as one-per-card (DisallowDuplicate) — the safe default, and usually exactly what's wanted.
[INFO] [MultiEnchantmentMod] [MultiEnchantment] MoreEnchantmentsMod.Finality overrides EnchantDamage*/EnchantBlock*, so its same-type applications stack their amount together (MergeAmount).
[INFO] [MultiEnchantmentMod] [MultiEnchantment] MoreEnchantmentsMod.VoidBloom hasn't declared a stack behavior, so it's treated as one-per-card (DisallowDuplicate) — the safe default, and usually exactly what's wanted.
[INFO] [MultiEnchantmentMod] [MultiEnchantment] MoreEnchantmentsMod.Destiny declares saved properties; defaulting to DisallowDuplicate so the source mod owns its Amount semantics.
[INFO] [MultiEnchantmentMod] [MultiEnchantment] MoreEnchantmentsMod.AncestralVigor hasn't declared a stack behavior, so it's treated as one-per-card (DisallowDuplicate) — the safe default, and usually exactly what's wanted.
[INFO] [MultiEnchantmentMod] [MultiEnchantment] MoreEnchantmentsMod.InheritedGuard hasn't declared a stack behavior, so it's treated as one-per-card (DisallowDuplicate) — the safe default, and usually exactly what's wanted.
[INFO] [MultiEnchantmentMod] [MultiEnchantment] MoreEnchantmentsMod.TimelessWisdom hasn't declared a stack behavior, so it's treated as one-per-card (DisallowDuplicate) — the safe default, and usually exactly what's wanted.
[INFO] [MultiEnchantmentMod] [StackApi] Registry sealed at first BeforeCombatStart. Further Register/ScanAssembly calls will be rejected.
[WARN] Asset not cached: res://scenes/orbs/orb_visuals/lightning_orb.tscn
[WARN] Asset not cached: res://images/orbs/lightning_orb.png
战斗中无法打开无限升级系统。
[INFO] [QuickRestart] Creating a new restart button
[INFO] Unloading 2 missed cache assets
[INFO] Preloading 'Common' assets... count=125 vfx=1
[WARN] Warning: Packet writer is growing from 1024 bytes to 2048 bytes!
[WARN] Warning: Packet writer is growing from 2048 bytes to 4096 bytes!
[WARN] Asset not cached: res://scenes/screens/main_menu.tscn
[INFO] [sts2.piyixiajiuhenfen.modconfig] Mods tab injected into settings screen!
[WARN] Asset not cached: res://themes/settings_screen_line_header.tres
[WARN] Asset not cached: res://images/ui/reward_screen/reward_skip_button.png
[WARN] Asset not cached: res://scenes/ui/selection_reticle.tscn
[INFO] [Startup] Time to main menu (Godot ticks): 69404ms
[INFO] Preloading 'Common' Complete: assets=125 time_elapsed=808ms
[INFO] Quit button pressed
[INFO] Quit confirmed
[INFO] [BaseLib] NGame.Quit(): saving all ModConfigs
[INFO] NGame.Quit called
[INFO] [com.ritsukage.sts2-RitsuLib] [ContentModLoadOrder] Removed 1 duplicate Steam Workshop mod_list entry before saving settings.
[INFO] Wrote 4249 bytes to path=user://steam/76561198995205184/settings.save save_dir=user://steam/76561198995205184
[INFO] Wrote 297 bytes to path=user://steam/76561198995205184/modded/profile2\saves\prefs.save save_dir=user://steam/76561198995205184
[INFO] Wrote 297 bytes to modded/profile2/saves/prefs.save in steam remote store
[INFO] Wrote 80540 bytes to path=user://steam/76561198995205184/modded/profile2\saves\progress.save save_dir=user://steam/76561198995205184
[INFO] Wrote 80540 bytes to modded/profile2/saves/progress.save in steam remote store
[INFO] Wrote 52 bytes to path=user://steam/76561198995205184/profile.save save_dir=user://steam/76561198995205184
[INFO] Wrote 52 bytes to profile.save in steam remote store
[INFO] Steamworks: shutting down...
[INFO] Steamworks shutdown succeeded!
FMOD Sound System: System released
WARNING: 910 RIDs of type "CanvasItem" were leaked.
   at: _free_rids (servers/rendering/renderer_canvas_cull.cpp:2678)
ERROR: 1 RID allocations of type 'N26RendererEnvironmentStorage11EnvironmentE' were leaked at exit.
ERROR: 5 shaders of type CanvasShaderRD were never freed
   at: ~ShaderRD (servers/rendering/renderer_rd/shader_rd.cpp:1044)
ERROR: 25 RID allocations of type 'N10RendererRD16ParticlesStorage9ParticlesE' were leaked at exit.
ERROR: 1 shaders of type ParticlesShaderRD were never freed
   at: ~ShaderRD (servers/rendering/renderer_rd/shader_rd.cpp:1044)
ERROR: 25 RID allocations of type 'N10RendererRD11MeshStorage4MeshE' were leaked at exit.
ERROR: 82 RID allocations of type 'N10RendererRD15MaterialStorage8MaterialE' were leaked at exit.
ERROR: 6 RID allocations of type 'N10RendererRD15MaterialStorage6ShaderE' were leaked at exit.
ERROR: 222 RID allocations of type 'N10RendererRD14TextureStorage7TextureE' were leaked at exit.
WARNING: 157 RIDs of type "UniformBuffer" were leaked.
   at: _free_rids (servers/rendering/rendering_device.cpp:6981)
WARNING: 436 RIDs of type "Texture" were leaked.
   at: finalize (servers/rendering/rendering_device.cpp:7191)
ERROR: 300 RID allocations of type 'PN18TextServerAdvanced22ShapedTextDataAdvancedE' were leaked at exit.
ERROR: 14 RID allocations of type 'PN18TextServerAdvanced12FontAdvancedE' were leaked at exit.
ERROR: 4 RID allocations of type 'PN18TextServerAdvanced27FontAdvancedLinkedVariationE' were leaked at exit.
WARNING: ObjectDB instances leaked at exit (run with --verbose for details).
   at: cleanup (core/object/object.cpp:2514)
ERROR: 249 resources still in use at exit (run with --verbose for details).
   at: clear (core/io/resource.cpp:795)
